#include "ui.h"
#include "screens.h"
#include "images.h"
#include "actions.h"
#include "vars.h"

// ASSETS DEFINITION
const uint8_t assets[24200] = {
    0x7E, 0x45, 0x45, 0x5A, 0x03, 0x00, 0x06, 0x00, 0x00, 0x00, 0x00, 0x00, 0x24, 0x00, 0x00, 0x00,
    0x24, 0x00, 0x00, 0x00, 0x00, 0x00, 0x00, 0x00, 0x00, 0x00, 0x00, 0x00, 0x00, 0x00, 0x00, 0x00,
    0x00, 0x00, 0x00, 0x00, 0x20, 0x00, 0x00, 0x00, 0x00, 0x00, 0x00, 0x00, 0x00, 0x00, 0x00, 0x00,
    0x18, 0x01, 0xF0, 0x00, 0x03, 0x00, 0x00, 0x00, 0x24, 0x00, 0x00, 0x00, 0x02, 0x00, 0x00, 0x00,
    0x28, 0x00, 0x00, 0x00, 0x16, 0x00, 0x00, 0x00, 0x24, 0x00, 0x00, 0x00, 0x4A, 0x00, 0x00, 0x00,
    0x9C, 0x54, 0x00, 0x00, 0x02, 0x00, 0x00, 0x00, 0x6C, 0x00, 0x00, 0x00, 0x70, 0x00, 0x00, 0x00,
    0x78, 0x00, 0x00, 0x00, 0x80, 0x00, 0x00, 0x00, 0x00, 0x00, 0xFF, 0xFF, 0x84, 0x00, 0x00, 0x00,
    0xB0, 0x00, 0x00, 0x00, 0xDC, 0x00, 0x00, 0x00, 0x08, 0x01, 0x00, 0x00, 0x34, 0x01, 0x00, 0x00,
    0x60, 0x01, 0x00, 0x00, 0x8C, 0x01, 0x00, 0x00, 0xB8, 0x01, 0x00, 0x00, 0xE4, 0x01, 0x00, 0x00,
    0x10, 0x02, 0x00, 0x00, 0x3C, 0x02, 0x00, 0x00, 0x68, 0x02, 0x00, 0x00, 0x94, 0x02, 0x00, 0x00,
    0xC0, 0x02, 0x00, 0x00, 0xEC, 0x02, 0x00, 0x00, 0x18, 0x03, 0x00, 0x00, 0x44, 0x03, 0x00, 0x00,
    0x70, 0x03, 0x00, 0x00, 0x9C, 0x03, 0x00, 0x00, 0xC8, 0x03, 0x00, 0x00, 0xF4, 0x03, 0x00, 0x00,
    0x20, 0x04, 0x00, 0x00, 0x50, 0x04, 0x00, 0x00, 0x5C, 0x04, 0x00, 0x00, 0x68, 0x04, 0x00, 0x00,
    0x06, 0x00, 0x00, 0x00, 0x68, 0x04, 0x00, 0x00, 0x70, 0x04, 0x00, 0x00, 0x06, 0x00, 0x00, 0x00,
    0x70, 0x04, 0x00, 0x00, 0x78, 0x04, 0x00, 0x00, 0x06, 0x00, 0x00, 0x00, 0x80, 0x04, 0x00, 0x00,
    0x31, 0x00, 0x00, 0x00, 0x84, 0x04, 0x00, 0x00, 0x01, 0x00, 0x00, 0x00, 0x40, 0x05, 0x00, 0x00,
    0x0A, 0x00, 0x00, 0x00, 0x10, 0x55, 0x00, 0x00, 0x00, 0x00, 0x00, 0x00, 0x00, 0x00, 0x00, 0x00,
    0x00, 0x00, 0x00, 0x00, 0x00, 0x00, 0x00, 0x00, 0x00, 0x00, 0x00, 0x00, 0x00, 0x00, 0x00, 0x00,
    0x08, 0x00, 0x00, 0x00, 0x1C, 0x05, 0x00, 0x00, 0x00, 0x00, 0x00, 0x00, 0x00, 0x00, 0x00, 0x00,
    0x01, 0x00, 0x00, 0x00, 0xEC, 0x54, 0x00, 0x00, 0x00, 0x00, 0x00, 0x00, 0x00, 0x00, 0x00, 0x00,
    0x00, 0x00, 0x00, 0x00, 0x00, 0x00, 0x00, 0x00, 0x00, 0x00, 0x00, 0x00, 0x00, 0x00, 0x00, 0x00,
    0x1D, 0x00, 0x00, 0x00, 0x0C, 0x05, 0x00, 0x00, 0x00, 0x00, 0x00, 0x00, 0x00, 0x00, 0x00, 0x00,
    0x02, 0x00, 0x00, 0x00, 0xC0, 0x54, 0x00, 0x00, 0x00, 0x00, 0x00, 0x00, 0x00, 0x00, 0x00, 0x00,
    0x00, 0x00, 0x00, 0x00, 0x00, 0x00, 0x00, 0x00, 0x00, 0x00, 0x00, 0x00, 0x00, 0x00, 0x00, 0x00,
    0x4C, 0x00, 0x00, 0x00, 0x50, 0x05, 0x00, 0x00, 0x00, 0x00, 0x00, 0x00, 0x00, 0x00, 0x00, 0x00,
    0x05, 0x00, 0x00, 0x00, 0x94, 0x54, 0x00, 0x00, 0x00, 0x00, 0x00, 0x00, 0x00, 0x00, 0x00, 0x00,
    0x00, 0x00, 0x00, 0x00, 0x00, 0x00, 0x00, 0x00, 0x00, 0x00, 0x00, 0x00, 0x00, 0x00, 0x00, 0x00,
    0x13, 0x00, 0x00, 0x00, 0x50, 0x06, 0x00, 0x00, 0x00, 0x00, 0x00, 0x00, 0x00, 0x00, 0x00, 0x00,
    0x00, 0x00, 0x00, 0x00, 0x00, 0x00, 0x00, 0x00, 0x00, 0x00, 0x00, 0x00, 0x00, 0x00, 0x00, 0x00,
    0x00, 0x00, 0x00, 0x00, 0x00, 0x00, 0x00, 0x00, 0x00, 0x00, 0x00, 0x00, 0x00, 0x00, 0x00, 0x00,
    0x05, 0x00, 0x00, 0x00, 0x6C, 0x06, 0x00, 0x00, 0x00, 0x00, 0x00, 0x00, 0x00, 0x00, 0x00, 0x00,
    0x00, 0x00, 0x00, 0x00, 0x00, 0x00, 0x00, 0x00, 0x00, 0x00, 0x00, 0x00, 0x00, 0x00, 0x00, 0x00,
    0x00, 0x00, 0x00, 0x00, 0x00, 0x00, 0x00, 0x00, 0x00, 0x00, 0x00, 0x00, 0x00, 0x00, 0x00, 0x00,
    0x05, 0x00, 0x00, 0x00, 0x50, 0x06, 0x00, 0x00, 0x00, 0x00, 0x00, 0x00, 0x00, 0x00, 0x00, 0x00,
    0x01, 0x00, 0x00, 0x00, 0x0C, 0x54, 0x00, 0x00, 0x00, 0x00, 0x00, 0x00, 0x00, 0x00, 0x00, 0x00,
    0x00, 0x00, 0x00, 0x00, 0x00, 0x00, 0x00, 0x00, 0x00, 0x00, 0x00, 0x00, 0x00, 0x00, 0x00, 0x00,
    0x03, 0x00, 0x00, 0x00, 0x34, 0x06, 0x00, 0x00, 0x00, 0x00, 0x00, 0x00, 0x00, 0x00, 0x00, 0x00,
    0x00, 0x00, 0x00, 0x00, 0x00, 0x00, 0x00, 0x00, 0x00, 0x00, 0x00, 0x00, 0x00, 0x00, 0x00, 0x00,
    0x00, 0x00, 0x00, 0x00, 0x00, 0x00, 0x00, 0x00, 0x00, 0x00, 0x00, 0x00, 0x00, 0x00, 0x00, 0x00,
    0x05, 0x00, 0x00, 0x00, 0x10, 0x06, 0x00, 0x00, 0x00, 0x00, 0x00, 0x00, 0x00, 0x00, 0x00, 0x00,
    0x00, 0x00, 0x00, 0x00, 0x00, 0x00, 0x00, 0x00, 0x00, 0x00, 0x00, 0x00, 0x00, 0x00, 0x00, 0x00,
    0x00, 0x00, 0x00, 0x00, 0x00, 0x00, 0x00, 0x00, 0x00, 0x00, 0x00, 0x00, 0x00, 0x00, 0x00, 0x00,
    0x13, 0x00, 0x00, 0x00, 0xF4, 0x05, 0x00, 0x00, 0x00, 0x00, 0x00, 0x00, 0x00, 0x00, 0x00, 0x00,
    0x00, 0x00, 0x00, 0x00, 0x00, 0x00, 0x00, 0x00, 0x00, 0x00, 0x00, 0x00, 0x00, 0x00, 0x00, 0x00,
    0x00, 0x00, 0x00, 0x00, 0x00, 0x00, 0x00, 0x00, 0x00, 0x00, 0x00, 0x00, 0x00, 0x00, 0x00, 0x00,
    0x03, 0x00, 0x00, 0x00, 0x10, 0x06, 0x00, 0x00, 0x00, 0x00, 0x00, 0x00, 0x00, 0x00, 0x00, 0x00,
    0x00, 0x00, 0x00, 0x00, 0x00, 0x00, 0x00, 0x00, 0x00, 0x00, 0x00, 0x00, 0x00, 0x00, 0x00, 0x00,
    0x00, 0x00, 0x00, 0x00, 0x00, 0x00, 0x00, 0x00, 0x00, 0x00, 0x00, 0x00, 0x00, 0x00, 0x00, 0x00,
    0x0C, 0x00, 0x00, 0x00, 0xEC, 0x05, 0x00, 0x00, 0x00, 0x00, 0x00, 0x00, 0x00, 0x00, 0x00, 0x00,
    0x00, 0x00, 0x00, 0x00, 0x00, 0x00, 0x00, 0x00, 0x00, 0x00, 0x00, 0x00, 0x00, 0x00, 0x00, 0x00,
    0x00, 0x00, 0x00, 0x00, 0x00, 0x00, 0x00, 0x00, 0x00, 0x00, 0x00, 0x00, 0x00, 0x00, 0x00, 0x00,
    0x04, 0x00, 0x00, 0x00, 0xEC, 0x05, 0x00, 0x00, 0x00, 0x00, 0x00, 0x00, 0x00, 0x00, 0x00, 0x00,
    0x00, 0x00, 0x00, 0x00, 0x00, 0x00, 0x00, 0x00, 0x00, 0x00, 0x00, 0x00, 0x00, 0x00, 0x00, 0x00,
    0x00, 0x00, 0x00, 0x00, 0x00, 0x00, 0x00, 0x00, 0x00, 0x00, 0x00, 0x00, 0x00, 0x00, 0x00, 0x00,
    0x11, 0x00, 0x00, 0x00, 0xCC, 0x05, 0x00, 0x00, 0x00, 0x00, 0x00, 0x00, 0x00, 0x00, 0x00, 0x00,
    0x00, 0x00, 0x00, 0x00, 0x00, 0x00, 0x00, 0x00, 0x00, 0x00, 0x00, 0x00, 0x00, 0x00, 0x00, 0x00,
    0x00, 0x00, 0x00, 0x00, 0x00, 0x00, 0x00, 0x00, 0x00, 0x00, 0x00, 0x00, 0x00, 0x00, 0x00, 0x00,
    0x08, 0x00, 0x00, 0x00, 0xE0, 0x05, 0x00, 0x00, 0x00, 0x00, 0x00, 0x00, 0x00, 0x00, 0x00, 0x00,
    0x00, 0x00, 0x00, 0x00, 0x00, 0x00, 0x00, 0x00, 0x00, 0x00, 0x00, 0x00, 0x00, 0x00, 0x00, 0x00,
    0x00, 0x00, 0x00, 0x00, 0x00, 0x00, 0x00, 0x00, 0x00, 0x00, 0x00, 0x00, 0x00, 0x00, 0x00, 0x00,
    0x07, 0x00, 0x00, 0x00, 0xD0, 0x05, 0x00, 0x00, 0x00, 0x00, 0x00, 0x00, 0x00, 0x00, 0x00, 0x00,
    0x00, 0x00, 0x00, 0x00, 0x00, 0x00, 0x00, 0x00, 0x00, 0x00, 0x00, 0x00, 0x00, 0x00, 0x00, 0x00,
    0x00, 0x00, 0x00, 0x00, 0x00, 0x00, 0x00, 0x00, 0x00, 0x00, 0x00, 0x00, 0x00, 0x00, 0x00, 0x00,
    0x04, 0x00, 0x00, 0x00, 0xBC, 0x05, 0x00, 0x00, 0x01, 0x00, 0x00, 0x00, 0xC4, 0x05, 0x00, 0x00,
    0x00, 0x00, 0x00, 0x00, 0x00, 0x00, 0x00, 0x00, 0x00, 0x00, 0x00, 0x00, 0x00, 0x00, 0x00, 0x00,
    0x00, 0x00, 0x00, 0x00, 0x00, 0x00, 0x00, 0x00, 0x01, 0x00, 0x00, 0x00, 0xA8, 0x05, 0x00, 0x00,
    0x01, 0x00, 0x00, 0x00, 0xA4, 0x05, 0x00, 0x00, 0x00, 0x00, 0x00, 0x00, 0x00, 0x00, 0x00, 0x00,
    0x00, 0x00, 0x00, 0x00, 0x00, 0x00, 0x00, 0x00, 0x00, 0x00, 0x00, 0x00, 0x00, 0x00, 0x00, 0x00,
    0x00, 0x00, 0x00, 0x00, 0x00, 0x00, 0x00, 0x00, 0x00, 0x00, 0x00, 0x00, 0x00, 0x00, 0x00, 0x00,
    0x05, 0x00, 0x00, 0x00, 0x78, 0x05, 0x00, 0x00, 0x03, 0x00, 0x00, 0x00, 0x84, 0x05, 0x00, 0x00,
    0x00, 0x00, 0x00, 0x00, 0x00, 0x00, 0x00, 0x00, 0x00, 0x00, 0x00, 0x00, 0x00, 0x00, 0x00, 0x00,
    0x00, 0x00, 0x00, 0x00, 0x00, 0x00, 0x00, 0x00, 0x03, 0x00, 0x00, 0x00, 0x70, 0x05, 0x00, 0x00,
    0x05, 0x00, 0x00, 0x00, 0x6C, 0x05, 0x00, 0x00, 0x05, 0x00, 0x00, 0x00, 0x78, 0x05, 0x00, 0x00,
    0x00, 0x00, 0x00, 0x00, 0x00, 0x00, 0x00, 0x00, 0x00, 0x00, 0x00, 0x00, 0x00, 0x00, 0x00, 0x00,
    0x00, 0x00, 0x00, 0x00, 0x00, 0x00, 0x00, 0x00, 0x05, 0x00, 0x00, 0x00, 0x6C, 0x05, 0x00, 0x00,
    0x03, 0x00, 0x00, 0x00, 0x6C, 0x05, 0x00, 0x00, 0x00, 0x00, 0x00, 0x00, 0x00, 0x00, 0x00, 0x00,
    0x00, 0x00, 0x00, 0x00, 0x00, 0x00, 0x00, 0x00, 0x00, 0x00, 0x00, 0x00, 0x00, 0x00, 0x00, 0x00,
    0x00, 0x00, 0x00, 0x00, 0x00, 0x00, 0x00, 0x00, 0x00, 0x00, 0x00, 0x00, 0x00, 0x00, 0x00, 0x00,
    0x03, 0x00, 0x00, 0x00, 0x48, 0x05, 0x00, 0x00, 0x01, 0x00, 0x00, 0x00, 0x4C, 0x05, 0x00, 0x00,
    0x02, 0x00, 0x00, 0x00, 0x40, 0x51, 0x00, 0x00, 0x00, 0x00, 0x00, 0x00, 0x00, 0x00, 0x00, 0x00,
    0x00, 0x00, 0x00, 0x00, 0x00, 0x00, 0x00, 0x00, 0x01, 0x00, 0x00, 0x00, 0x30, 0x05, 0x00, 0x00,
    0x00, 0x00, 0x00, 0x00, 0x0E, 0x00, 0x00, 0x00, 0x00, 0x00, 0x00, 0x00, 0x24, 0x05, 0x00, 0x00,
    0x00, 0x00, 0x00, 0x00, 0x0E, 0x00, 0x00, 0x00, 0x00, 0x00, 0x00, 0x00, 0x18, 0x05, 0x00, 0x00,
    0x00, 0x00, 0x00, 0x00, 0x44, 0x65, 0x66, 0x61, 0x75, 0x6C, 0x74, 0x00, 0xFF, 0x47, 0xBE, 0x24,
    0x79, 0xCE, 0xFF, 0x47, 0xFF, 0x47, 0xCA, 0x87, 0x50, 0x69, 0x6E, 0x6B, 0x00, 0x00, 0x00, 0x00,
    0xB5, 0xF1, 0xBB, 0xDC, 0x79, 0xCE, 0x00, 0x00, 0x00, 0x00, 0x00, 0x00, 0x48, 0x61, 0x74, 0x73,
    0x75, 0x6E, 0x65, 0x20, 0x4D, 0x69, 0x6B, 0x75, 0x00, 0x00, 0x00, 0x00, 0x00, 0x00, 0x00, 0x00,
    0x79, 0xCE, 0x00, 0x00, 0x00, 0x00, 0x00, 0x00, 0xD0, 0x04, 0x00, 0x00, 0xF4, 0x04, 0x00, 0x00,
    0x10, 0x05, 0x00, 0x00, 0x2C, 0x05, 0x00, 0x00, 0x48, 0x05, 0x00, 0x00, 0x64, 0x05, 0x00, 0x00,
    0x80, 0x05, 0x00, 0x00, 0x9C, 0x05, 0x00, 0x00, 0xB8, 0x05, 0x00, 0x00, 0xD4, 0x05, 0x00, 0x00,
    0xF0, 0x05, 0x00, 0x00, 0x0C, 0x06, 0x00, 0x00, 0x28, 0x06, 0x00, 0x00, 0x44, 0x06, 0x00, 0x00,
    0x60, 0x06, 0x00, 0x00, 0x7C, 0x06, 0x00, 0x00, 0x98, 0x06, 0x00, 0x00, 0xB4, 0x06, 0x00, 0x00,
    0xD0, 0x06, 0x00, 0x00, 0xEC, 0x06, 0x00, 0x00, 0x08, 0x07, 0x00, 0x00, 0x24, 0x07, 0x00, 0x00,
    0x40, 0x07, 0x00, 0x00, 0x5C, 0x07, 0x00, 0x00, 0x78, 0x07, 0x00, 0x00, 0x94, 0x07, 0x00, 0x00,
    0xB0, 0x07, 0x00, 0x00, 0xCC, 0x07, 0x00, 0x00, 0xE8, 0x07, 0x00, 0x00, 0x04, 0x08, 0x00, 0x00,
    0x20, 0x08, 0x00, 0x00, 0x3C, 0x08, 0x00, 0x00, 0x58, 0x08, 0x00, 0x00, 0x74, 0x08, 0x00, 0x00,
    0x90, 0x08, 0x00, 0x00, 0xAC, 0x08, 0x00, 0x00, 0xC8, 0x08, 0x00, 0x00, 0xE4, 0x08, 0x00, 0x00,
    0x00, 0x09, 0x00, 0x00, 0x1C, 0x09, 0x00, 0x00, 0x40, 0x09, 0x00, 0x00, 0x64, 0x09, 0x00, 0x00,
    0x88, 0x09, 0x00, 0x00, 0xAC, 0x09, 0x00, 0x00, 0xD0, 0x09, 0x00, 0x00, 0xF4, 0x09, 0x00, 0x00,
    0x18, 0x0A, 0x00, 0x00, 0x3C, 0x0A, 0x00, 0x00, 0x60, 0x0A, 0x00, 0x00, 0x88, 0x0A, 0x00, 0x00,
    0x94, 0x0A, 0x00, 0x00, 0xB0, 0x0A, 0x00, 0x00, 0xCC, 0x0A, 0x00, 0x00, 0xE8, 0x0A, 0x00, 0x00,
    0x04, 0x0B, 0x00, 0x00, 0x20, 0x0B, 0x00, 0x00, 0x3C, 0x0B, 0x00, 0x00, 0x58, 0x0B, 0x00, 0x00,
    0x7C, 0x0B, 0x00, 0x00, 0x98, 0x0B, 0x00, 0x00, 0xB4, 0x0B, 0x00, 0x00, 0xD0, 0x0B, 0x00, 0x00,
    0xEC, 0x0B, 0x00, 0x00, 0x08, 0x0C, 0x00, 0x00, 0x24, 0x0C, 0x00, 0x00, 0x40, 0x0C, 0x00, 0x00,
    0x5C, 0x0C, 0x00, 0x00, 0x78, 0x0C, 0x00, 0x00, 0x94, 0x0C, 0x00, 0x00, 0xB0, 0x0C, 0x00, 0x00,
    0xCC, 0x0C, 0x00, 0x00, 0xE8, 0x0C, 0x00, 0x00, 0x04, 0x0D, 0x00, 0x00, 0x20, 0x0D, 0x00, 0x00,
    0x3C, 0x0D, 0x00, 0x00, 0x58, 0x0D, 0x00, 0x00, 0x74, 0x0D, 0x00, 0x00, 0x90, 0x0D, 0x00, 0x00,
    0xAC, 0x0D, 0x00, 0x00, 0xC8, 0x0D, 0x00, 0x00, 0xE4, 0x0D, 0x00, 0x00, 0x00, 0x0E, 0x00, 0x00,
    0x1C, 0x0E, 0x00, 0x00, 0x38, 0x0E, 0x00, 0x00, 0x54, 0x0E, 0x00, 0x00, 0x78, 0x0E, 0x00, 0x00,
    0x9C, 0x0E, 0x00, 0x00, 0xC0, 0x0E, 0x00, 0x00, 0xE4, 0x0E, 0x00, 0x00, 0x00, 0x0F, 0x00, 0x00,
    0x1C, 0x0F, 0x00, 0x00, 0x38, 0x0F, 0x00, 0x00, 0x54, 0x0F, 0x00, 0x00, 0x70, 0x0F, 0x00, 0x00,
    0x8C, 0x0F, 0x00, 0x00, 0xA8, 0x0F, 0x00, 0x00, 0xC4, 0x0F, 0x00, 0x00, 0xE0, 0x0F, 0x00, 0x00,
    0xFC, 0x0F, 0x00, 0x00, 0x18, 0x10, 0x00, 0x00, 0x34, 0x10, 0x00, 0x00, 0x50, 0x10, 0x00, 0x00,
    0x6C, 0x10, 0x00, 0x00, 0x88, 0x10, 0x00, 0x00, 0xA4, 0x10, 0x00, 0x00, 0xC0, 0x10, 0x00, 0x00,
    0xDC, 0x10, 0x00, 0x00, 0xF8, 0x10, 0x00, 0x00, 0x14, 0x11, 0x00, 0x00, 0x30, 0x11, 0x00, 0x00,
    0x4C, 0x11, 0x00, 0x00, 0x68, 0x11, 0x00, 0x00, 0x84, 0x11, 0x00, 0x00, 0xA0, 0x11, 0x00, 0x00,
    0xBC, 0x11, 0x00, 0x00, 0xD8, 0x11, 0x00, 0x00, 0xF4, 0x11, 0x00, 0x00, 0x10, 0x12, 0x00, 0x00,
    0x2C, 0x12, 0x00, 0x00, 0x48, 0x12, 0x00, 0x00, 0x64, 0x12, 0x00, 0x00, 0x80, 0x12, 0x00, 0x00,
    0x9C, 0x12, 0x00, 0x00, 0xB8, 0x12, 0x00, 0x00, 0xD4, 0x12, 0x00, 0x00, 0xF0, 0x12, 0x00, 0x00,
    0x0C, 0x13, 0x00, 0x00, 0x28, 0x13, 0x00, 0x00, 0x44, 0x13, 0x00, 0x00, 0x60, 0x13, 0x00, 0x00,
    0x7C, 0x13, 0x00, 0x00, 0x98, 0x13, 0x00, 0x00, 0xB4, 0x13, 0x00, 0x00, 0xD0, 0x13, 0x00, 0x00,
    0xEC, 0x13, 0x00, 0x00, 0x08, 0x14, 0x00, 0x00, 0x24, 0x14, 0x00, 0x00, 0x40, 0x14, 0x00, 0x00,
    0x5C, 0x14, 0x00, 0x00, 0x78, 0x14, 0x00, 0x00, 0x94, 0x14, 0x00, 0x00, 0xB0, 0x14, 0x00, 0x00,
    0xCC, 0x14, 0x00, 0x00, 0xE8, 0x14, 0x00, 0x00, 0x04, 0x15, 0x00, 0x00, 0x20, 0x15, 0x00, 0x00,
    0x3C, 0x15, 0x00, 0x00, 0x58, 0x15, 0x00, 0x00, 0x74, 0x15, 0x00, 0x00, 0x90, 0x15, 0x00, 0x00,
    0xAC, 0x15, 0x00, 0x00, 0xC8, 0x15, 0x00, 0x00, 0xE4, 0x15, 0x00, 0x00, 0x00, 0x16, 0x00, 0x00,
    0x1C, 0x16, 0x00, 0x00, 0x38, 0x16, 0x00, 0x00, 0x54, 0x16, 0x00, 0x00, 0x70, 0x16, 0x00, 0x00,
    0x8C, 0x16, 0x00, 0x00, 0xB0, 0x16, 0x00, 0x00, 0xD4, 0x16, 0x00, 0x00, 0xF8, 0x16, 0x00, 0x00,
    0x1C, 0x17, 0x00, 0x00, 0x40, 0x17, 0x00, 0x00, 0x64, 0x17, 0x00, 0x00, 0x80, 0x17, 0x00, 0x00,
    0x9C, 0x17, 0x00, 0x00, 0xB8, 0x17, 0x00, 0x00, 0xD4, 0x17, 0x00, 0x00, 0xF0, 0x17, 0x00, 0x00,
    0x0C, 0x18, 0x00, 0x00, 0x28, 0x18, 0x00, 0x00, 0x44, 0x18, 0x00, 0x00, 0x60, 0x18, 0x00, 0x00,
    0x7C, 0x18, 0x00, 0x00, 0x98, 0x18, 0x00, 0x00, 0xB4, 0x18, 0x00, 0x00, 0xD0, 0x18, 0x00, 0x00,
    0xEC, 0x18, 0x00, 0x00, 0x08, 0x19, 0x00, 0x00, 0x24, 0x19, 0x00, 0x00, 0x40, 0x19, 0x00, 0x00,
    0x5C, 0x19, 0x00, 0x00, 0x80, 0x19, 0x00, 0x00, 0x9C, 0x19, 0x00, 0x00, 0xC0, 0x19, 0x00, 0x00,
    0xDC, 0x19, 0x00, 0x00, 0xF8, 0x19, 0x00, 0x00, 0x1C, 0x1A, 0x00, 0x00, 0x38, 0x1A, 0x00, 0x00,
    0x54, 0x1A, 0x00, 0x00, 0x70, 0x1A, 0x00, 0x00, 0x90, 0x1A, 0x00, 0x00, 0xB4, 0x1A, 0x00, 0x00,
    0xD0, 0x1A, 0x00, 0x00, 0xEC, 0x1A, 0x00, 0x00, 0x10, 0x1B, 0x00, 0x00, 0x2C, 0x1B, 0x00, 0x00,
    0x50, 0x1B, 0x00, 0x00, 0x6C, 0x1B, 0x00, 0x00, 0x88, 0x1B, 0x00, 0x00, 0xAC, 0x1B, 0x00, 0x00,
    0xC8, 0x1B, 0x00, 0x00, 0xE4, 0x1B, 0x00, 0x00, 0x00, 0x1C, 0x00, 0x00, 0x1C, 0x1C, 0x00, 0x00,
    0x38, 0x1C, 0x00, 0x00, 0x54, 0x1C, 0x00, 0x00, 0x70, 0x1C, 0x00, 0x00, 0x8C, 0x1C, 0x00, 0x00,
    0xA8, 0x1C, 0x00, 0x00, 0xC4, 0x1C, 0x00, 0x00, 0xE0, 0x1C, 0x00, 0x00, 0xFC, 0x1C, 0x00, 0x00,
    0x18, 0x1D, 0x00, 0x00, 0x34, 0x1D, 0x00, 0x00, 0x50, 0x1D, 0x00, 0x00, 0x6C, 0x1D, 0x00, 0x00,
    0x88, 0x1D, 0x00, 0x00, 0xA4, 0x1D, 0x00, 0x00, 0xC8, 0x1D, 0x00, 0x00, 0xE4, 0x1D, 0x00, 0x00,
    0x00, 0x1E, 0x00, 0x00, 0x24, 0x1E, 0x00, 0x00, 0x40, 0x1E, 0x00, 0x00, 0x5C, 0x1E, 0x00, 0x00,
    0x78, 0x1E, 0x00, 0x00, 0x94, 0x1E, 0x00, 0x00, 0xB0, 0x1E, 0x00, 0x00, 0xCC, 0x1E, 0x00, 0x00,
    0xE8, 0x1E, 0x00, 0x00, 0x04, 0x1F, 0x00, 0x00, 0x20, 0x1F, 0x00, 0x00, 0x3C, 0x1F, 0x00, 0x00,
    0x58, 0x1F, 0x00, 0x00, 0x74, 0x1F, 0x00, 0x00, 0x90, 0x1F, 0x00, 0x00, 0xAC, 0x1F, 0x00, 0x00,
    0xC8, 0x1F, 0x00, 0x00, 0xEC, 0x1F, 0x00, 0x00, 0x08, 0x20, 0x00, 0x00, 0x24, 0x20, 0x00, 0x00,
    0x40, 0x20, 0x00, 0x00, 0x5C, 0x20, 0x00, 0x00, 0x78, 0x20, 0x00, 0x00, 0x94, 0x20, 0x00, 0x00,
    0xB0, 0x20, 0x00, 0x00, 0xCC, 0x20, 0x00, 0x00, 0xE8, 0x20, 0x00, 0x00, 0x04, 0x21, 0x00, 0x00,
    0x20, 0x21, 0x00, 0x00, 0x3C, 0x21, 0x00, 0x00, 0x58, 0x21, 0x00, 0x00, 0x74, 0x21, 0x00, 0x00,
    0x90, 0x21, 0x00, 0x00, 0xAC, 0x21, 0x00, 0x00, 0xD0, 0x21, 0x00, 0x00, 0xEC, 0x21, 0x00, 0x00,
    0x08, 0x22, 0x00, 0x00, 0x24, 0x22, 0x00, 0x00, 0x40, 0x22, 0x00, 0x00, 0x5C, 0x22, 0x00, 0x00,
    0x78, 0x22, 0x00, 0x00, 0x94, 0x22, 0x00, 0x00, 0xB8, 0x22, 0x00, 0x00, 0xD4, 0x22, 0x00, 0x00,
    0xF0, 0x22, 0x00, 0x00, 0x0C, 0x23, 0x00, 0x00, 0x28, 0x23, 0x00, 0x00, 0x44, 0x23, 0x00, 0x00,
    0x60, 0x23, 0x00, 0x00, 0x7C, 0x23, 0x00, 0x00, 0x98, 0x23, 0x00, 0x00, 0xB4, 0x23, 0x00, 0x00,
    0xD4, 0x23, 0x00, 0x00, 0x00, 0x00, 0x00, 0x00, 0xDC, 0x23, 0x00, 0x00, 0xF8, 0x23, 0x00, 0x00,
    0x14, 0x24, 0x00, 0x00, 0x30, 0x24, 0x00, 0x00, 0x4C, 0x24, 0x00, 0x00, 0x68, 0x24, 0x00, 0x00,
    0x84, 0x24, 0x00, 0x00, 0x90, 0x24, 0x00, 0x00, 0x9C, 0x24, 0x00, 0x00, 0x00, 0x00, 0x00, 0x00,
    0xA4, 0x24, 0x00, 0x00, 0xC0, 0x24, 0x00, 0x00, 0xDC, 0x24, 0x00, 0x00, 0xF8, 0x24, 0x00, 0x00,
    0x14, 0x25, 0x00, 0x00, 0x30, 0x25, 0x00, 0x00, 0x3C, 0x25, 0x00, 0x00, 0x48, 0x25, 0x00, 0x00,
    0x54, 0x25, 0x00, 0x00, 0x60, 0x25, 0x00, 0x00, 0x00, 0x00, 0x00, 0x00, 0x00, 0x00, 0x00, 0x00,
    0x64, 0x25, 0x00, 0x00, 0x80, 0x25, 0x00, 0x00, 0x9C, 0x25, 0x00, 0x00, 0xB8, 0x25, 0x00, 0x00,
    0xD4, 0x25, 0x00, 0x00, 0xF8, 0x25, 0x00, 0x00, 0x1C, 0x26, 0x00, 0x00, 0x00, 0x00, 0x00, 0x00,
    0x00, 0x00, 0x00, 0x00, 0x00, 0x00, 0x00, 0x00, 0x09, 0x04, 0x00, 0x00, 0x00, 0x00, 0x00, 0x00,
    0x00, 0x00, 0x00, 0x00, 0x08, 0x00, 0x00, 0x00, 0x0C, 0x26, 0x00, 0x00, 0x00, 0x00, 0x00, 0x00,
    0x00, 0x00, 0x00, 0x00, 0xFF, 0xFF, 0x00, 0x00, 0x10, 0x00, 0x01, 0x00, 0x11, 0x00, 0x00, 0x00,
    0x30, 0x75, 0x00, 0x00, 0x00, 0x00, 0x00, 0x00, 0x00, 0x00, 0x00, 0x00, 0x03, 0x00, 0x00, 0x00,
    0x04, 0x26, 0x00, 0x00, 0x01, 0x00, 0x00, 0x00, 0x08, 0x26, 0x00, 0x00, 0xFF, 0xFF, 0x00, 0x00,
    0x31, 0x75, 0x00, 0x00, 0x00, 0x00, 0x00, 0x00, 0x00, 0x00, 0x00, 0x00, 0x03, 0x00, 0x00, 0x00,
    0xF4, 0x25, 0x00, 0x00, 0x00, 0x00, 0x00, 0x00, 0x00, 0x00, 0x00, 0x00, 0xFF, 0xFF, 0x00, 0x00,
    0x32, 0x75, 0x00, 0x00, 0x00, 0x00, 0x00, 0x00, 0x00, 0x00, 0x00, 0x00, 0x03, 0x00, 0x00, 0x00,
    0xE0, 0x25, 0x00, 0x00, 0x01, 0x00, 0x00, 0x00, 0xE4, 0x25, 0x00, 0x00, 0xFF, 0xFF, 0x00, 0x00,
    0x33, 0x75, 0x00, 0x00, 0x00, 0x00, 0x00, 0x00, 0x00, 0x00, 0x00, 0x00, 0x04, 0x00, 0x00, 0x00,
    0xD0, 0x25, 0x00, 0x00, 0x00, 0x00, 0x00, 0x00, 0x00, 0x00, 0x00, 0x00, 0xFF, 0xFF, 0x00, 0x00,
    0x33, 0x75, 0x00, 0x00, 0x00, 0x00, 0x00, 0x00, 0x00, 0x00, 0x00, 0x00, 0x03, 0x00, 0x00, 0x00,
    0xC0, 0x25, 0x00, 0x00, 0x00, 0x00, 0x00, 0x00, 0x00, 0x00, 0x00, 0x00, 0xFF, 0xFF, 0x00, 0x00,
    0x33, 0x75, 0x00, 0x00, 0x00, 0x00, 0x00, 0x00, 0x00, 0x00, 0x00, 0x00, 0x03, 0x00, 0x00, 0x00,
    0xAC, 0x25, 0x00, 0x00, 0x00, 0x00, 0x00, 0x00, 0x00, 0x00, 0x00, 0x00, 0xFF, 0xFF, 0x00, 0x00,
    0x32, 0x75, 0x00, 0x00, 0x00, 0x00, 0x00, 0x00, 0x00, 0x00, 0x00, 0x00, 0x03, 0x00, 0x00, 0x00,
    0x98, 0x25, 0x00, 0x00, 0x01, 0x00, 0x00, 0x00, 0x9C, 0x25, 0x00, 0x00, 0xFF, 0xFF, 0x00, 0x00,
    0x33, 0x75, 0x00, 0x00, 0x00, 0x00, 0x00, 0x00, 0x00, 0x00, 0x00, 0x00, 0x04, 0x00, 0x00, 0x00,
    0x88, 0x25, 0x00, 0x00, 0x00, 0x00, 0x00, 0x00, 0x00, 0x00, 0x00, 0x00, 0xFF, 0xFF, 0x00, 0x00,
    0x33, 0x75, 0x00, 0x00, 0x00, 0x00, 0x00, 0x00, 0x00, 0x00, 0x00, 0x00, 0x03, 0x00, 0x00, 0x00,
    0x78, 0x25, 0x00, 0x00, 0x00, 0x00, 0x00, 0x00, 0x00, 0x00, 0x00, 0x00, 0xFF, 0xFF, 0x00, 0x00,
    0x33, 0x75, 0x00, 0x00, 0x00, 0x00, 0x00, 0x00, 0x00, 0x00, 0x00, 0x00, 0x03, 0x00, 0x00, 0x00,
    0x64, 0x25, 0x00, 0x00, 0x00, 0x00, 0x00, 0x00, 0x00, 0x00, 0x00, 0x00, 0xFF, 0xFF, 0x00, 0x00,
    0x32, 0x75, 0x00, 0x00, 0x00, 0x00, 0x00, 0x00, 0x00, 0x00, 0x00, 0x00, 0x03, 0x00, 0x00, 0x00,
    0x50, 0x25, 0x00, 0x00, 0x01, 0x00, 0x00, 0x00, 0x54, 0x25, 0x00, 0x00, 0xFF, 0xFF, 0x00, 0x00,
    0x33, 0x75, 0x00, 0x00, 0x00, 0x00, 0x00, 0x00, 0x00, 0x00, 0x00, 0x00, 0x04, 0x00, 0x00, 0x00,
    0x40, 0x25, 0x00, 0x00, 0x00, 0x00, 0x00, 0x00, 0x00, 0x00, 0x00, 0x00, 0xFF, 0xFF, 0x00, 0x00,
    0x33, 0x75, 0x00, 0x00, 0x00, 0x00, 0x00, 0x00, 0x00, 0x00, 0x00, 0x00, 0x03, 0x00, 0x00, 0x00,
    0x30, 0x25, 0x00, 0x00, 0x00, 0x00, 0x00, 0x00, 0x00, 0x00, 0x00, 0x00, 0xFF, 0xFF, 0x00, 0x00,
    0x33, 0x75, 0x00, 0x00, 0x00, 0x00, 0x00, 0x00, 0x00, 0x00, 0x00, 0x00, 0x03, 0x00, 0x00, 0x00,
    0x1C, 0x25, 0x00, 0x00, 0x00, 0x00, 0x00, 0x00, 0x00, 0x00, 0x00, 0x00, 0xFF, 0xFF, 0x00, 0x00,
    0x32, 0x75, 0x00, 0x00, 0x00, 0x00, 0x00, 0x00, 0x00, 0x00, 0x00, 0x00, 0x03, 0x00, 0x00, 0x00,
    0x08, 0x25, 0x00, 0x00, 0x01, 0x00, 0x00, 0x00, 0x0C, 0x25, 0x00, 0x00, 0xFF, 0xFF, 0x00, 0x00,
    0x33, 0x75, 0x00, 0x00, 0x00, 0x00, 0x00, 0x00, 0x00, 0x00, 0x00, 0x00, 0x04, 0x00, 0x00, 0x00,
    0xF8, 0x24, 0x00, 0x00, 0x00, 0x00, 0x00, 0x00, 0x00, 0x00, 0x00, 0x00, 0xFF, 0xFF, 0x00, 0x00,
    0x33, 0x75, 0x00, 0x00, 0x00, 0x00, 0x00, 0x00, 0x00, 0x00, 0x00, 0x00, 0x03, 0x00, 0x00, 0x00,
    0xE8, 0x24, 0x00, 0x00, 0x00, 0x00, 0x00, 0x00, 0x00, 0x00, 0x00, 0x00, 0xFF, 0xFF, 0x00, 0x00,
    0x33, 0x75, 0x00, 0x00, 0x00, 0x00, 0x00, 0x00, 0x00, 0x00, 0x00, 0x00, 0x03, 0x00, 0x00, 0x00,
    0xD4, 0x24, 0x00, 0x00, 0x00, 0x00, 0x00, 0x00, 0x00, 0x00, 0x00, 0x00, 0xFF, 0xFF, 0x00, 0x00,
    0x32, 0x75, 0x00, 0x00, 0x00, 0x00, 0x00, 0x00, 0x00, 0x00, 0x00, 0x00, 0x03, 0x00, 0x00, 0x00,
    0xC0, 0x24, 0x00, 0x00, 0x01, 0x00, 0x00, 0x00, 0xC4, 0x24, 0x00, 0x00, 0xFF, 0xFF, 0x00, 0x00,
    0x33, 0x75, 0x00, 0x00, 0x00, 0x00, 0x00, 0x00, 0x00, 0x00, 0x00, 0x00, 0x04, 0x00, 0x00, 0x00,
    0xB0, 0x24, 0x00, 0x00, 0x00, 0x00, 0x00, 0x00, 0x00, 0x00, 0x00, 0x00, 0xFF, 0xFF, 0x00, 0x00,
    0x33, 0x75, 0x00, 0x00, 0x00, 0x00, 0x00, 0x00, 0x00, 0x00, 0x00, 0x00, 0x03, 0x00, 0x00, 0x00,
    0xA0, 0x24, 0x00, 0x00, 0x00, 0x00, 0x00, 0x00, 0x00, 0x00, 0x00, 0x00, 0xFF, 0xFF, 0x00, 0x00,
    0x33, 0x75, 0x00, 0x00, 0x00, 0x00, 0x00, 0x00, 0x00, 0x00, 0x00, 0x00, 0x03, 0x00, 0x00, 0x00,
    0x8C, 0x24, 0x00, 0x00, 0x00, 0x00, 0x00, 0x00, 0x00, 0x00, 0x00, 0x00, 0xFF, 0xFF, 0x00, 0x00,
    0x32, 0x75, 0x00, 0x00, 0x00, 0x00, 0x00, 0x00, 0x00, 0x00, 0x00, 0x00, 0x03, 0x00, 0x00, 0x00,
    0x78, 0x24, 0x00, 0x00, 0x01, 0x00, 0x00, 0x00, 0x7C, 0x24, 0x00, 0x00, 0xFF, 0xFF, 0x00, 0x00,
    0x33, 0x75, 0x00, 0x00, 0x00, 0x00, 0x00, 0x00, 0x00, 0x00, 0x00, 0x00, 0x04, 0x00, 0x00, 0x00,
    0x68, 0x24, 0x00, 0x00, 0x00, 0x00, 0x00, 0x00, 0x00, 0x00, 0x00, 0x00, 0xFF, 0xFF, 0x00, 0x00,
    0x33, 0x75, 0x00, 0x00, 0x00, 0x00, 0x00, 0x00, 0x00, 0x00, 0x00, 0x00, 0x03, 0x00, 0x00, 0x00,
    0x58, 0x24, 0x00, 0x00, 0x00, 0x00, 0x00, 0x00, 0x00, 0x00, 0x00, 0x00, 0xFF, 0xFF, 0x00, 0x00,
    0x33, 0x75, 0x00, 0x00, 0x00, 0x00, 0x00, 0x00, 0x00, 0x00, 0x00, 0x00, 0x03, 0x00, 0x00, 0x00,
    0x44, 0x24, 0x00, 0x00, 0x00, 0x00, 0x00, 0x00, 0x00, 0x00, 0x00, 0x00, 0xFF, 0xFF, 0x00, 0x00,
    0x32, 0x75, 0x00, 0x00, 0x00, 0x00, 0x00, 0x00, 0x00, 0x00, 0x00, 0x00, 0x03, 0x00, 0x00, 0x00,
    0x30, 0x24, 0x00, 0x00, 0x01, 0x00, 0x00, 0x00, 0x34, 0x24, 0x00, 0x00, 0xFF, 0xFF, 0x00, 0x00,
    0x33, 0x75, 0x00, 0x00, 0x00, 0x00, 0x00, 0x00, 0x00, 0x00, 0x00, 0x00, 0x04, 0x00, 0x00, 0x00,
    0x20, 0x24, 0x00, 0x00, 0x00, 0x00, 0x00, 0x00, 0x00, 0x00, 0x00, 0x00, 0xFF, 0xFF, 0x00, 0x00,
    0x33, 0x75, 0x00, 0x00, 0x00, 0x00, 0x00, 0x00, 0x00, 0x00, 0x00, 0x00, 0x03, 0x00, 0x00, 0x00,
    0x10, 0x24, 0x00, 0x00, 0x00, 0x00, 0x00, 0x00, 0x00, 0x00, 0x00, 0x00, 0xFF, 0xFF, 0x00, 0x00,
    0x33, 0x75, 0x00, 0x00, 0x00, 0x00, 0x00, 0x00, 0x00, 0x00, 0x00, 0x00, 0x03, 0x00, 0x00, 0x00,
    0xFC, 0x23, 0x00, 0x00, 0x00, 0x00, 0x00, 0x00, 0x00, 0x00, 0x00, 0x00, 0xFF, 0xFF, 0x00, 0x00,
    0x32, 0x75, 0x00, 0x00, 0x00, 0x00, 0x00, 0x00, 0x00, 0x00, 0x00, 0x00, 0x03, 0x00, 0x00, 0x00,
    0xE8, 0x23, 0x00, 0x00, 0x01, 0x00, 0x00, 0x00, 0xEC, 0x23, 0x00, 0x00, 0xFF, 0xFF, 0x00, 0x00,
    0x33, 0x75, 0x00, 0x00, 0x00, 0x00, 0x00, 0x00, 0x00, 0x00, 0x00, 0x00, 0x04, 0x00, 0x00, 0x00,
    0xD8, 0x23, 0x00, 0x00, 0x00, 0x00, 0x00, 0x00, 0x00, 0x00, 0x00, 0x00, 0xFF, 0xFF, 0x00, 0x00,
    0x33, 0x75, 0x00, 0x00, 0x00, 0x00, 0x00, 0x00, 0x00, 0x00, 0x00, 0x00, 0x03, 0x00, 0x00, 0x00,
    0xC8, 0x23, 0x00, 0x00, 0x00, 0x00, 0x00, 0x00, 0x00, 0x00, 0x00, 0x00, 0xFF, 0xFF, 0x00, 0x00,
    0x33, 0x75, 0x00, 0x00, 0x00, 0x00, 0x00, 0x00, 0x00, 0x00, 0x00, 0x00, 0x03, 0x00, 0x00, 0x00,
    0xB4, 0x23, 0x00, 0x00, 0x00, 0x00, 0x00, 0x00, 0x00, 0x00, 0x00, 0x00, 0xFF, 0xFF, 0x00, 0x00,
    0x32, 0x75, 0x00, 0x00, 0x00, 0x00, 0x00, 0x00, 0x00, 0x00, 0x00, 0x00, 0x03, 0x00, 0x00, 0x00,
    0xA0, 0x23, 0x00, 0x00, 0x01, 0x00, 0x00, 0x00, 0xA4, 0x23, 0x00, 0x00, 0xFF, 0xFF, 0x00, 0x00,
    0x33, 0x75, 0x00, 0x00, 0x00, 0x00, 0x00, 0x00, 0x00, 0x00, 0x00, 0x00, 0x04, 0x00, 0x00, 0x00,
    0x90, 0x23, 0x00, 0x00, 0x00, 0x00, 0x00, 0x00, 0x00, 0x00, 0x00, 0x00, 0xFF, 0xFF, 0x00, 0x00,
    0x33, 0x75, 0x00, 0x00, 0x00, 0x00, 0x00, 0x00, 0x00, 0x00, 0x00, 0x00, 0x03, 0x00, 0x00, 0x00,
    0x80, 0x23, 0x00, 0x00, 0x00, 0x00, 0x00, 0x00, 0x00, 0x00, 0x00, 0x00, 0xFF, 0xFF, 0x00, 0x00,
    0x33, 0x75, 0x00, 0x00, 0x00, 0x00, 0x00, 0x00, 0x00, 0x00, 0x00, 0x00, 0x03, 0x00, 0x00, 0x00,
    0x6C, 0x23, 0x00, 0x00, 0x00, 0x00, 0x00, 0x00, 0x00, 0x00, 0x00, 0x00, 0xFF, 0xFF, 0x00, 0x00,
    0x14, 0x04, 0x00, 0x00, 0x01, 0x00, 0x00, 0x00, 0x60, 0x23, 0x00, 0x00, 0x00, 0x00, 0x00, 0x00,
    0x00, 0x00, 0x00, 0x00, 0x01, 0x00, 0x00, 0x00, 0x54, 0x23, 0x00, 0x00, 0xFF, 0xFF, 0x00, 0x00,
    0x01, 0x00, 0x00, 0x00, 0x4C, 0x23, 0x00, 0x00, 0x14, 0x04, 0x00, 0x00, 0x01, 0x00, 0x00, 0x00,
    0x44, 0x23, 0x00, 0x00, 0x00, 0x00, 0x00, 0x00, 0x00, 0x00, 0x00, 0x00, 0x01, 0x00, 0x00, 0x00,
    0x38, 0x23, 0x00, 0x00, 0xFF, 0xFF, 0x00, 0x00, 0x01, 0x00, 0x00, 0x00, 0x30, 0x23, 0x00, 0x00,
    0x14, 0x04, 0x00, 0x00, 0x01, 0x00, 0x00, 0x00, 0x28, 0x23, 0x00, 0x00, 0x00, 0x00, 0x00, 0x00,
    0x00, 0x00, 0x00, 0x00, 0x01, 0x00, 0x00, 0x00, 0x1C, 0x23, 0x00, 0x00, 0xFF, 0xFF, 0x00, 0x00,
    0x01, 0x00, 0x00, 0x00, 0x14, 0x23, 0x00, 0x00, 0x14, 0x04, 0x00, 0x00, 0x01, 0x00, 0x00, 0x00,
    0x0C, 0x23, 0x00, 0x00, 0x00, 0x00, 0x00, 0x00, 0x00, 0x00, 0x00, 0x00, 0x01, 0x00, 0x00, 0x00,
    0x00, 0x23, 0x00, 0x00, 0xFF, 0xFF, 0x00, 0x00, 0x01, 0x00, 0x00, 0x00, 0xF8, 0x22, 0x00, 0x00,
    0x14, 0x04, 0x00, 0x00, 0x01, 0x00, 0x00, 0x00, 0xF0, 0x22, 0x00, 0x00, 0x00, 0x00, 0x00, 0x00,
    0x00, 0x00, 0x00, 0x00, 0x01, 0x00, 0x00, 0x00, 0xE4, 0x22, 0x00, 0x00, 0xFF, 0xFF, 0x00, 0x00,
    0x01, 0x00, 0x00, 0x00, 0xDC, 0x22, 0x00, 0x00, 0x14, 0x04, 0x00, 0x00, 0x01, 0x00, 0x00, 0x00,
    0xD4, 0x22, 0x00, 0x00, 0x00, 0x00, 0x00, 0x00, 0x00, 0x00, 0x00, 0x00, 0x01, 0x00, 0x00, 0x00,
    0xC8, 0x22, 0x00, 0x00, 0xFF, 0xFF, 0x00, 0x00, 0x01, 0x00, 0x00, 0x00, 0xC0, 0x22, 0x00, 0x00,
    0x14, 0x04, 0x00, 0x00, 0x01, 0x00, 0x00, 0x00, 0xB8, 0x22, 0x00, 0x00, 0x00, 0x00, 0x00, 0x00,
    0x00, 0x00, 0x00, 0x00, 0x01, 0x00, 0x00, 0x00, 0xAC, 0x22, 0x00, 0x00, 0xFF, 0xFF, 0x00, 0x00,
    0x01, 0x00, 0x00, 0x00, 0xA4, 0x22, 0x00, 0x00, 0x14, 0x04, 0x00, 0x00, 0x01, 0x00, 0x00, 0x00,
    0x9C, 0x22, 0x00, 0x00, 0x00, 0x00, 0x00, 0x00, 0x00, 0x00, 0x00, 0x00, 0x01, 0x00, 0x00, 0x00,
    0x90, 0x22, 0x00, 0x00, 0xFF, 0xFF, 0x00, 0x00, 0x01, 0x00, 0x00, 0x00, 0x88, 0x22, 0x00, 0x00,
    0x14, 0x04, 0x00, 0x00, 0x01, 0x00, 0x00, 0x00, 0x80, 0x22, 0x00, 0x00, 0x00, 0x00, 0x00, 0x00,
    0x00, 0x00, 0x00, 0x00, 0x01, 0x00, 0x00, 0x00, 0x74, 0x22, 0x00, 0x00, 0xFF, 0xFF, 0x00, 0x00,
    0x01, 0x00, 0x00, 0x00, 0x6C, 0x22, 0x00, 0x00, 0x14, 0x04, 0x00, 0x00, 0x01, 0x00, 0x00, 0x00,
    0x64, 0x22, 0x00, 0x00, 0x00, 0x00, 0x00, 0x00, 0x00, 0x00, 0x00, 0x00, 0x01, 0x00, 0x00, 0x00,
    0x58, 0x22, 0x00, 0x00, 0xFF, 0xFF, 0x00, 0x00, 0x01, 0x00, 0x00, 0x00, 0x50, 0x22, 0x00, 0x00,
    0x00, 0x00, 0x00, 0x00, 0x0E, 0x00, 0x00, 0x00, 0x00, 0x00, 0x00, 0x00, 0x44, 0x22, 0x00, 0x00,
    0x00, 0x00, 0x00, 0x00, 0x31, 0x75, 0x00, 0x00, 0x00, 0x00, 0x00, 0x00, 0x00, 0x00, 0x00, 0x00,
    0x03, 0x00, 0x00, 0x00, 0x38, 0x22, 0x00, 0x00, 0x00, 0x00, 0x00, 0x00, 0x00, 0x00, 0x00, 0x00,
    0xFF, 0xFF, 0x00, 0x00, 0x30, 0x75, 0x00, 0x00, 0x00, 0x00, 0x00, 0x00, 0x00, 0x00, 0x00, 0x00,
    0x03, 0x00, 0x00, 0x00, 0x24, 0x22, 0x00, 0x00, 0x00, 0x00, 0x00, 0x00, 0x00, 0x00, 0x00, 0x00,
    0xFF, 0xFF, 0x00, 0x00, 0x34, 0x75, 0x00, 0x00, 0x00, 0x00, 0x00, 0x00, 0x00, 0x00, 0x00, 0x00,
    0x03, 0x00, 0x00, 0x00, 0x10, 0x22, 0x00, 0x00, 0x00, 0x00, 0x00, 0x00, 0x00, 0x00, 0x00, 0x00,
    0xFF, 0xFF, 0x00, 0x00, 0x33, 0x75, 0x00, 0x00, 0x00, 0x00, 0x00, 0x00, 0x00, 0x00, 0x00, 0x00,
    0x03, 0x00, 0x00, 0x00, 0xFC, 0x21, 0x00, 0x00, 0x00, 0x00, 0x00, 0x00, 0x00, 0x00, 0x00, 0x00,
    0xFF, 0xFF, 0x00, 0x00, 0x35, 0x75, 0x00, 0x00, 0x00, 0x00, 0x00, 0x00, 0x00, 0x00, 0x00, 0x00,
    0x03, 0x00, 0x00, 0x00, 0xE8, 0x21, 0x00, 0x00, 0x01, 0x00, 0x00, 0x00, 0xEC, 0x21, 0x00, 0x00,
    0xFF, 0xFF, 0x00, 0x00, 0x33, 0x75, 0x00, 0x00, 0x00, 0x00, 0x00, 0x00, 0x00, 0x00, 0x00, 0x00,
    0x04, 0x00, 0x00, 0x00, 0xD8, 0x21, 0x00, 0x00, 0x00, 0x00, 0x00, 0x00, 0x00, 0x00, 0x00, 0x00,
    0xFF, 0xFF, 0x00, 0x00, 0x33, 0x75, 0x00, 0x00, 0x00, 0x00, 0x00, 0x00, 0x00, 0x00, 0x00, 0x00,
    0x03, 0x00, 0x00, 0x00, 0xC8, 0x21, 0x00, 0x00, 0x00, 0x00, 0x00, 0x00, 0x00, 0x00, 0x00, 0x00,
    0xFF, 0xFF, 0x00, 0x00, 0x14, 0x04, 0x00, 0x00, 0x01, 0x00, 0x00, 0x00, 0xBC, 0x21, 0x00, 0x00,
    0x00, 0x00, 0x00, 0x00, 0x00, 0x00, 0x00, 0x00, 0x01, 0x00, 0x00, 0x00, 0xB0, 0x21, 0x00, 0x00,
    0xFF, 0xFF, 0x00, 0x00, 0x01, 0x00, 0x00, 0x00, 0xA8, 0x21, 0x00, 0x00, 0x31, 0x75, 0x00, 0x00,
    0x00, 0x00, 0x00, 0x00, 0x00, 0x00, 0x00, 0x00, 0x03, 0x00, 0x00, 0x00, 0x98, 0x21, 0x00, 0x00,
    0x00, 0x00, 0x00, 0x00, 0x00, 0x00, 0x00, 0x00, 0xFF, 0xFF, 0x00, 0x00, 0x30, 0x75, 0x00, 0x00,
    0x00, 0x00, 0x00, 0x00, 0x00, 0x00, 0x00, 0x00, 0x03, 0x00, 0x00, 0x00, 0x84, 0x21, 0x00, 0x00,
    0x02, 0x00, 0x00, 0x00, 0x88, 0x21, 0x00, 0x00, 0xFF, 0xFF, 0x00, 0x00, 0x32, 0x75, 0x00, 0x00,
    0x00, 0x00, 0x00, 0x00, 0x00, 0x00, 0x00, 0x00, 0x03, 0x00, 0x00, 0x00, 0x78, 0x21, 0x00, 0x00,
    0x00, 0x00, 0x00, 0x00, 0x00, 0x00, 0x00, 0x00, 0xFF, 0xFF, 0x00, 0x00, 0x33, 0x75, 0x00, 0x00,
    0x00, 0x00, 0x00, 0x00, 0x00, 0x00, 0x00, 0x00, 0x03, 0x00, 0x00, 0x00, 0x64, 0x21, 0x00, 0x00,
    0x00, 0x00, 0x00, 0x00, 0x00, 0x00, 0x00, 0x00, 0xFF, 0xFF, 0x00, 0x00, 0x33, 0x75, 0x00, 0x00,
    0x00, 0x00, 0x00, 0x00, 0x00, 0x00, 0x00, 0x00, 0x04, 0x00, 0x00, 0x00, 0x50, 0x21, 0x00, 0x00,
    0x00, 0x00, 0x00, 0x00, 0x00, 0x00, 0x00, 0x00, 0xFF, 0xFF, 0x00, 0x00, 0x32, 0x75, 0x00, 0x00,
    0x00, 0x00, 0x00, 0x00, 0x00, 0x00, 0x00, 0x00, 0x03, 0x00, 0x00, 0x00, 0x40, 0x21, 0x00, 0x00,
    0x00, 0x00, 0x00, 0x00, 0x00, 0x00, 0x00, 0x00, 0xFF, 0xFF, 0x00, 0x00, 0x33, 0x75, 0x00, 0x00,
    0x00, 0x00, 0x00, 0x00, 0x00, 0x00, 0x00, 0x00, 0x03, 0x00, 0x00, 0x00, 0x2C, 0x21, 0x00, 0x00,
    0x00, 0x00, 0x00, 0x00, 0x00, 0x00, 0x00, 0x00, 0xFF, 0xFF, 0x00, 0x00, 0x33, 0x75, 0x00, 0x00,
    0x00, 0x00, 0x00, 0x00, 0x00, 0x00, 0x00, 0x00, 0x04, 0x00, 0x00, 0x00, 0x18, 0x21, 0x00, 0x00,
    0x00, 0x00, 0x00, 0x00, 0x00, 0x00, 0x00, 0x00, 0xFF, 0xFF, 0x00, 0x00, 0x32, 0x75, 0x00, 0x00,
    0x00, 0x00, 0x00, 0x00, 0x00, 0x00, 0x00, 0x00, 0x03, 0x00, 0x00, 0x00, 0x08, 0x21, 0x00, 0x00,
    0x00, 0x00, 0x00, 0x00, 0x00, 0x00, 0x00, 0x00, 0xFF, 0xFF, 0x00, 0x00, 0x33, 0x75, 0x00, 0x00,
    0x00, 0x00, 0x00, 0x00, 0x00, 0x00, 0x00, 0x00, 0x03, 0x00, 0x00, 0x00, 0xF4, 0x20, 0x00, 0x00,
    0x00, 0x00, 0x00, 0x00, 0x00, 0x00, 0x00, 0x00, 0xFF, 0xFF, 0x00, 0x00, 0x33, 0x75, 0x00, 0x00,
    0x00, 0x00, 0x00, 0x00, 0x00, 0x00, 0x00, 0x00, 0x04, 0x00, 0x00, 0x00, 0xE0, 0x20, 0x00, 0x00,
    0x00, 0x00, 0x00, 0x00, 0x00, 0x00, 0x00, 0x00, 0xFF, 0xFF, 0x00, 0x00, 0x32, 0x75, 0x00, 0x00,
    0x00, 0x00, 0x00, 0x00, 0x00, 0x00, 0x00, 0x00, 0x03, 0x00, 0x00, 0x00, 0xD0, 0x20, 0x00, 0x00,
    0x00, 0x00, 0x00, 0x00, 0x00, 0x00, 0x00, 0x00, 0xFF, 0xFF, 0x00, 0x00, 0x33, 0x75, 0x00, 0x00,
    0x00, 0x00, 0x00, 0x00, 0x00, 0x00, 0x00, 0x00, 0x03, 0x00, 0x00, 0x00, 0xBC, 0x20, 0x00, 0x00,
    0x00, 0x00, 0x00, 0x00, 0x00, 0x00, 0x00, 0x00, 0xFF, 0xFF, 0x00, 0x00, 0x33, 0x75, 0x00, 0x00,
    0x00, 0x00, 0x00, 0x00, 0x00, 0x00, 0x00, 0x00, 0x03, 0x00, 0x00, 0x00, 0xA8, 0x20, 0x00, 0x00,
    0x00, 0x00, 0x00, 0x00, 0x00, 0x00, 0x00, 0x00, 0xFF, 0xFF, 0x00, 0x00, 0x32, 0x75, 0x00, 0x00,
    0x00, 0x00, 0x00, 0x00, 0x00, 0x00, 0x00, 0x00, 0x03, 0x00, 0x00, 0x00, 0x94, 0x20, 0x00, 0x00,
    0x00, 0x00, 0x00, 0x00, 0x00, 0x00, 0x00, 0x00, 0xFF, 0xFF, 0x00, 0x00, 0x33, 0x75, 0x00, 0x00,
    0x00, 0x00, 0x00, 0x00, 0x00, 0x00, 0x00, 0x00, 0x03, 0x00, 0x00, 0x00, 0x80, 0x20, 0x00, 0x00,
    0x00, 0x00, 0x00, 0x00, 0x00, 0x00, 0x00, 0x00, 0xFF, 0xFF, 0x00, 0x00, 0x33, 0x75, 0x00, 0x00,
    0x00, 0x00, 0x00, 0x00, 0x00, 0x00, 0x00, 0x00, 0x03, 0x00, 0x00, 0x00, 0x6C, 0x20, 0x00, 0x00,
    0x00, 0x00, 0x00, 0x00, 0x00, 0x00, 0x00, 0x00, 0xFF, 0xFF, 0x00, 0x00, 0x32, 0x75, 0x00, 0x00,
    0x00, 0x00, 0x00, 0x00, 0x00, 0x00, 0x00, 0x00, 0x03, 0x00, 0x00, 0x00, 0x58, 0x20, 0x00, 0x00,
    0x00, 0x00, 0x00, 0x00, 0x00, 0x00, 0x00, 0x00, 0xFF, 0xFF, 0x00, 0x00, 0x33, 0x75, 0x00, 0x00,
    0x00, 0x00, 0x00, 0x00, 0x00, 0x00, 0x00, 0x00, 0x03, 0x00, 0x00, 0x00, 0x44, 0x20, 0x00, 0x00,
    0x00, 0x00, 0x00, 0x00, 0x00, 0x00, 0x00, 0x00, 0xFF, 0xFF, 0x00, 0x00, 0x33, 0x75, 0x00, 0x00,
    0x00, 0x00, 0x00, 0x00, 0x00, 0x00, 0x00, 0x00, 0x03, 0x00, 0x00, 0x00, 0x30, 0x20, 0x00, 0x00,
    0x00, 0x00, 0x00, 0x00, 0x00, 0x00, 0x00, 0x00, 0xFF, 0xFF, 0x00, 0x00, 0x36, 0x75, 0x00, 0x00,
    0x00, 0x00, 0x00, 0x00, 0x00, 0x00, 0x00, 0x00, 0x03, 0x00, 0x00, 0x00, 0x1C, 0x20, 0x00, 0x00,
    0x00, 0x00, 0x00, 0x00, 0x00, 0x00, 0x00, 0x00, 0xFF, 0xFF, 0x00, 0x00, 0x32, 0x75, 0x00, 0x00,
    0x00, 0x00, 0x00, 0x00, 0x00, 0x00, 0x00, 0x00, 0x03, 0x00, 0x00, 0x00, 0x08, 0x20, 0x00, 0x00,
    0x00, 0x00, 0x00, 0x00, 0x00, 0x00, 0x00, 0x00, 0xFF, 0xFF, 0x00, 0x00, 0x33, 0x75, 0x00, 0x00,
    0x00, 0x00, 0x00, 0x00, 0x00, 0x00, 0x00, 0x00, 0x03, 0x00, 0x00, 0x00, 0xF4, 0x1F, 0x00, 0x00,
    0x00, 0x00, 0x00, 0x00, 0x00, 0x00, 0x00, 0x00, 0xFF, 0xFF, 0x00, 0x00, 0x33, 0x75, 0x00, 0x00,
    0x00, 0x00, 0x00, 0x00, 0x00, 0x00, 0x00, 0x00, 0x03, 0x00, 0x00, 0x00, 0xE0, 0x1F, 0x00, 0x00,
    0x00, 0x00, 0x00, 0x00, 0x00, 0x00, 0x00, 0x00, 0xFF, 0xFF, 0x00, 0x00, 0x35, 0x75, 0x00, 0x00,
    0x00, 0x00, 0x00, 0x00, 0x00, 0x00, 0x00, 0x00, 0x03, 0x00, 0x00, 0x00, 0xCC, 0x1F, 0x00, 0x00,
    0x01, 0x00, 0x00, 0x00, 0xD0, 0x1F, 0x00, 0x00, 0xFF, 0xFF, 0x00, 0x00, 0x33, 0x75, 0x00, 0x00,
    0x00, 0x00, 0x00, 0x00, 0x00, 0x00, 0x00, 0x00, 0x04, 0x00, 0x00, 0x00, 0xBC, 0x1F, 0x00, 0x00,
    0x00, 0x00, 0x00, 0x00, 0x00, 0x00, 0x00, 0x00, 0xFF, 0xFF, 0x00, 0x00, 0x14, 0x04, 0x00, 0x00,
    0x01, 0x00, 0x00, 0x00, 0xB4, 0x1F, 0x00, 0x00, 0x00, 0x00, 0x00, 0x00, 0x00, 0x00, 0x00, 0x00,
    0x01, 0x00, 0x00, 0x00, 0xA8, 0x1F, 0x00, 0x00, 0xFF, 0xFF, 0x00, 0x00, 0x01, 0x00, 0x00, 0x00,
    0xA0, 0x1F, 0x00, 0x00, 0x14, 0x04, 0x00, 0x00, 0x01, 0x00, 0x00, 0x00, 0x98, 0x1F, 0x00, 0x00,
    0x00, 0x00, 0x00, 0x00, 0x00, 0x00, 0x00, 0x00, 0x01, 0x00, 0x00, 0x00, 0x8C, 0x1F, 0x00, 0x00,
    0xFF, 0xFF, 0x00, 0x00, 0x01, 0x00, 0x00, 0x00, 0x84, 0x1F, 0x00, 0x00, 0x14, 0x04, 0x00, 0x00,
    0x00, 0x00, 0x00, 0x00, 0x00, 0x00, 0x00, 0x00, 0x00, 0x00, 0x00, 0x00, 0x00, 0x00, 0x00, 0x00,
    0x01, 0x00, 0x00, 0x00, 0x6C, 0x1F, 0x00, 0x00, 0xFF, 0xFF, 0x00, 0x00, 0x01, 0x00, 0x00, 0x00,
    0x64, 0x1F, 0x00, 0x00, 0x09, 0x04, 0x00, 0x00, 0x00, 0x00, 0x00, 0x00, 0x00, 0x00, 0x00, 0x00,
    0x08, 0x00, 0x00, 0x00, 0x54, 0x1F, 0x00, 0x00, 0x00, 0x00, 0x00, 0x00, 0x00, 0x00, 0x00, 0x00,
    0xFF, 0xFF, 0x00, 0x00, 0x10, 0x00, 0x01, 0x00, 0x16, 0x00, 0x00, 0x00, 0x30, 0x75, 0x00, 0x00,
    0x00, 0x00, 0x00, 0x00, 0x00, 0x00, 0x00, 0x00, 0x03, 0x00, 0x00, 0x00, 0x4C, 0x1F, 0x00, 0x00,
    0x00, 0x00, 0x00, 0x00, 0x00, 0x00, 0x00, 0x00, 0xFF, 0xFF, 0x00, 0x00, 0x32, 0x75, 0x00, 0x00,
    0x00, 0x00, 0x00, 0x00, 0x00, 0x00, 0x00, 0x00, 0x03, 0x00, 0x00, 0x00, 0x38, 0x1F, 0x00, 0x00,
    0x00, 0x00, 0x00, 0x00, 0x00, 0x00, 0x00, 0x00, 0xFF, 0xFF, 0x00, 0x00, 0x33, 0x75, 0x00, 0x00,
    0x00, 0x00, 0x00, 0x00, 0x00, 0x00, 0x00, 0x00, 0x03, 0x00, 0x00, 0x00, 0x24, 0x1F, 0x00, 0x00,
    0x00, 0x00, 0x00, 0x00, 0x00, 0x00, 0x00, 0x00, 0xFF, 0xFF, 0x00, 0x00, 0x31, 0x75, 0x00, 0x00,
    0x00, 0x00, 0x00, 0x00, 0x00, 0x00, 0x00, 0x00, 0x03, 0x00, 0x00, 0x00, 0x10, 0x1F, 0x00, 0x00,
    0x00, 0x00, 0x00, 0x00, 0x00, 0x00, 0x00, 0x00, 0xFF, 0xFF, 0x00, 0x00, 0x33, 0x75, 0x00, 0x00,
    0x00, 0x00, 0x00, 0x00, 0x00, 0x00, 0x00, 0x00, 0x03, 0x00, 0x00, 0x00, 0xFC, 0x1E, 0x00, 0x00,
    0x00, 0x00, 0x00, 0x00, 0x00, 0x00, 0x00, 0x00, 0xFF, 0xFF, 0x00, 0x00, 0x37, 0x75, 0x00, 0x00,
    0x00, 0x00, 0x00, 0x00, 0x00, 0x00, 0x00, 0x00, 0x03, 0x00, 0x00, 0x00, 0xE8, 0x1E, 0x00, 0x00,
    0x00, 0x00, 0x00, 0x00, 0x00, 0x00, 0x00, 0x00, 0xFF, 0xFF, 0x00, 0x00, 0x31, 0x75, 0x00, 0x00,
    0x00, 0x00, 0x00, 0x00, 0x00, 0x00, 0x00, 0x00, 0x03, 0x00, 0x00, 0x00, 0xD4, 0x1E, 0x00, 0x00,
    0x00, 0x00, 0x00, 0x00, 0x00, 0x00, 0x00, 0x00, 0xFF, 0xFF, 0x00, 0x00, 0x33, 0x75, 0x00, 0x00,
    0x00, 0x00, 0x00, 0x00, 0x00, 0x00, 0x00, 0x00, 0x03, 0x00, 0x00, 0x00, 0xC0, 0x1E, 0x00, 0x00,
    0x00, 0x00, 0x00, 0x00, 0x00, 0x00, 0x00, 0x00, 0xFF, 0xFF, 0x00, 0x00, 0x37, 0x75, 0x00, 0x00,
    0x00, 0x00, 0x00, 0x00, 0x00, 0x00, 0x00, 0x00, 0x03, 0x00, 0x00, 0x00, 0xAC, 0x1E, 0x00, 0x00,
    0x00, 0x00, 0x00, 0x00, 0x00, 0x00, 0x00, 0x00, 0xFF, 0xFF, 0x00, 0x00, 0x33, 0x75, 0x00, 0x00,
    0x00, 0x00, 0x00, 0x00, 0x00, 0x00, 0x00, 0x00, 0x03, 0x00, 0x00, 0x00, 0x98, 0x1E, 0x00, 0x00,
    0x00, 0x00, 0x00, 0x00, 0x00, 0x00, 0x00, 0x00, 0xFF, 0xFF, 0x00, 0x00, 0x31, 0x75, 0x00, 0x00,
    0x00, 0x00, 0x00, 0x00, 0x00, 0x00, 0x00, 0x00, 0x03, 0x00, 0x00, 0x00, 0x84, 0x1E, 0x00, 0x00,
    0x00, 0x00, 0x00, 0x00, 0x00, 0x00, 0x00, 0x00, 0xFF, 0xFF, 0x00, 0x00, 0x33, 0x75, 0x00, 0x00,
    0x00, 0x00, 0x00, 0x00, 0x00, 0x00, 0x00, 0x00, 0x03, 0x00, 0x00, 0x00, 0x70, 0x1E, 0x00, 0x00,
    0x00, 0x00, 0x00, 0x00, 0x00, 0x00, 0x00, 0x00, 0xFF, 0xFF, 0x00, 0x00, 0x38, 0x75, 0x00, 0x00,
    0x00, 0x00, 0x00, 0x00, 0x00, 0x00, 0x00, 0x00, 0x03, 0x00, 0x00, 0x00, 0x5C, 0x1E, 0x00, 0x00,
    0x00, 0x00, 0x00, 0x00, 0x00, 0x00, 0x00, 0x00, 0xFF, 0xFF, 0x00, 0x00, 0x31, 0x75, 0x00, 0x00,
    0x00, 0x00, 0x00, 0x00, 0x00, 0x00, 0x00, 0x00, 0x03, 0x00, 0x00, 0x00, 0x48, 0x1E, 0x00, 0x00,
    0x00, 0x00, 0x00, 0x00, 0x00, 0x00, 0x00, 0x00, 0xFF, 0xFF, 0x00, 0x00, 0x33, 0x75, 0x00, 0x00,
    0x00, 0x00, 0x00, 0x00, 0x00, 0x00, 0x00, 0x00, 0x03, 0x00, 0x00, 0x00, 0x34, 0x1E, 0x00, 0x00,
    0x00, 0x00, 0x00, 0x00, 0x00, 0x00, 0x00, 0x00, 0xFF, 0xFF, 0x00, 0x00, 0x38, 0x75, 0x00, 0x00,
    0x00, 0x00, 0x00, 0x00, 0x00, 0x00, 0x00, 0x00, 0x03, 0x00, 0x00, 0x00, 0x20, 0x1E, 0x00, 0x00,
    0x00, 0x00, 0x00, 0x00, 0x00, 0x00, 0x00, 0x00, 0xFF, 0xFF, 0x00, 0x00, 0x31, 0x75, 0x00, 0x00,
    0x00, 0x00, 0x00, 0x00, 0x00, 0x00, 0x00, 0x00, 0x03, 0x00, 0x00, 0x00, 0x0C, 0x1E, 0x00, 0x00,
    0x00, 0x00, 0x00, 0x00, 0x00, 0x00, 0x00, 0x00, 0xFF, 0xFF, 0x00, 0x00, 0x33, 0x75, 0x00, 0x00,
    0x00, 0x00, 0x00, 0x00, 0x00, 0x00, 0x00, 0x00, 0x03, 0x00, 0x00, 0x00, 0xF8, 0x1D, 0x00, 0x00,
    0x00, 0x00, 0x00, 0x00, 0x00, 0x00, 0x00, 0x00, 0xFF, 0xFF, 0x00, 0x00, 0x38, 0x75, 0x00, 0x00,
    0x00, 0x00, 0x00, 0x00, 0x00, 0x00, 0x00, 0x00, 0x03, 0x00, 0x00, 0x00, 0xE4, 0x1D, 0x00, 0x00,
    0x02, 0x00, 0x00, 0x00, 0xE8, 0x1D, 0x00, 0x00, 0xFF, 0xFF, 0x00, 0x00, 0x31, 0x75, 0x00, 0x00,
    0x00, 0x00, 0x00, 0x00, 0x00, 0x00, 0x00, 0x00, 0x03, 0x00, 0x00, 0x00, 0xD8, 0x1D, 0x00, 0x00,
    0x00, 0x00, 0x00, 0x00, 0x00, 0x00, 0x00, 0x00, 0xFF, 0xFF, 0x00, 0x00, 0x33, 0x75, 0x00, 0x00,
    0x00, 0x00, 0x00, 0x00, 0x00, 0x00, 0x00, 0x00, 0x03, 0x00, 0x00, 0x00, 0xC4, 0x1D, 0x00, 0x00,
    0x00, 0x00, 0x00, 0x00, 0x00, 0x00, 0x00, 0x00, 0xFF, 0xFF, 0x00, 0x00, 0x38, 0x75, 0x00, 0x00,
    0x00, 0x00, 0x00, 0x00, 0x00, 0x00, 0x00, 0x00, 0x03, 0x00, 0x00, 0x00, 0xB0, 0x1D, 0x00, 0x00,
    0x00, 0x00, 0x00, 0x00, 0x00, 0x00, 0x00, 0x00, 0xFF, 0xFF, 0x00, 0x00, 0x33, 0x75, 0x00, 0x00,
    0x00, 0x00, 0x00, 0x00, 0x00, 0x00, 0x00, 0x00, 0x03, 0x00, 0x00, 0x00, 0x9C, 0x1D, 0x00, 0x00,
    0x00, 0x00, 0x00, 0x00, 0x00, 0x00, 0x00, 0x00, 0xFF, 0xFF, 0x00, 0x00, 0x31, 0x75, 0x00, 0x00,
    0x00, 0x00, 0x00, 0x00, 0x00, 0x00, 0x00, 0x00, 0x03, 0x00, 0x00, 0x00, 0x88, 0x1D, 0x00, 0x00,
    0x00, 0x00, 0x00, 0x00, 0x00, 0x00, 0x00, 0x00, 0xFF, 0xFF, 0x00, 0x00, 0x33, 0x75, 0x00, 0x00,
    0x00, 0x00, 0x00, 0x00, 0x00, 0x00, 0x00, 0x00, 0x03, 0x00, 0x00, 0x00, 0x74, 0x1D, 0x00, 0x00,
    0x00, 0x00, 0x00, 0x00, 0x00, 0x00, 0x00, 0x00, 0xFF, 0xFF, 0x00, 0x00, 0x37, 0x75, 0x00, 0x00,
    0x00, 0x00, 0x00, 0x00, 0x00, 0x00, 0x00, 0x00, 0x03, 0x00, 0x00, 0x00, 0x60, 0x1D, 0x00, 0x00,
    0x00, 0x00, 0x00, 0x00, 0x00, 0x00, 0x00, 0x00, 0xFF, 0xFF, 0x00, 0x00, 0x31, 0x75, 0x00, 0x00,
    0x00, 0x00, 0x00, 0x00, 0x00, 0x00, 0x00, 0x00, 0x03, 0x00, 0x00, 0x00, 0x4C, 0x1D, 0x00, 0x00,
    0x00, 0x00, 0x00, 0x00, 0x00, 0x00, 0x00, 0x00, 0xFF, 0xFF, 0x00, 0x00, 0x33, 0x75, 0x00, 0x00,
    0x00, 0x00, 0x00, 0x00, 0x00, 0x00, 0x00, 0x00, 0x04, 0x00, 0x00, 0x00, 0x38, 0x1D, 0x00, 0x00,
    0x00, 0x00, 0x00, 0x00, 0x00, 0x00, 0x00, 0x00, 0xFF, 0xFF, 0x00, 0x00, 0x38, 0x75, 0x00, 0x00,
    0x00, 0x00, 0x00, 0x00, 0x00, 0x00, 0x00, 0x00, 0x03, 0x00, 0x00, 0x00, 0x28, 0x1D, 0x00, 0x00,
    0x00, 0x00, 0x00, 0x00, 0x00, 0x00, 0x00, 0x00, 0xFF, 0xFF, 0x00, 0x00, 0x31, 0x75, 0x00, 0x00,
    0x00, 0x00, 0x00, 0x00, 0x00, 0x00, 0x00, 0x00, 0x03, 0x00, 0x00, 0x00, 0x14, 0x1D, 0x00, 0x00,
    0x00, 0x00, 0x00, 0x00, 0x00, 0x00, 0x00, 0x00, 0xFF, 0xFF, 0x00, 0x00, 0x33, 0x75, 0x00, 0x00,
    0x00, 0x00, 0x00, 0x00, 0x00, 0x00, 0x00, 0x00, 0x04, 0x00, 0x00, 0x00, 0x00, 0x1D, 0x00, 0x00,
    0x00, 0x00, 0x00, 0x00, 0x00, 0x00, 0x00, 0x00, 0xFF, 0xFF, 0x00, 0x00, 0x38, 0x75, 0x00, 0x00,
    0x00, 0x00, 0x00, 0x00, 0x00, 0x00, 0x00, 0x00, 0x03, 0x00, 0x00, 0x00, 0xF0, 0x1C, 0x00, 0x00,
    0x00, 0x00, 0x00, 0x00, 0x00, 0x00, 0x00, 0x00, 0xFF, 0xFF, 0x00, 0x00, 0x31, 0x75, 0x00, 0x00,
    0x00, 0x00, 0x00, 0x00, 0x00, 0x00, 0x00, 0x00, 0x03, 0x00, 0x00, 0x00, 0xDC, 0x1C, 0x00, 0x00,
    0x00, 0x00, 0x00, 0x00, 0x00, 0x00, 0x00, 0x00, 0xFF, 0xFF, 0x00, 0x00, 0x33, 0x75, 0x00, 0x00,
    0x00, 0x00, 0x00, 0x00, 0x00, 0x00, 0x00, 0x00, 0x04, 0x00, 0x00, 0x00, 0xC8, 0x1C, 0x00, 0x00,
    0x00, 0x00, 0x00, 0x00, 0x00, 0x00, 0x00, 0x00, 0xFF, 0xFF, 0x00, 0x00, 0x38, 0x75, 0x00, 0x00,
    0x00, 0x00, 0x00, 0x00, 0x00, 0x00, 0x00, 0x00, 0x03, 0x00, 0x00, 0x00, 0xB8, 0x1C, 0x00, 0x00,
    0x00, 0x00, 0x00, 0x00, 0x00, 0x00, 0x00, 0x00, 0xFF, 0xFF, 0x00, 0x00, 0x31, 0x75, 0x00, 0x00,
    0x00, 0x00, 0x00, 0x00, 0x00, 0x00, 0x00, 0x00, 0x03, 0x00, 0x00, 0x00, 0xA4, 0x1C, 0x00, 0x00,
    0x00, 0x00, 0x00, 0x00, 0x00, 0x00, 0x00, 0x00, 0xFF, 0xFF, 0x00, 0x00, 0x33, 0x75, 0x00, 0x00,
    0x00, 0x00, 0x00, 0x00, 0x00, 0x00, 0x00, 0x00, 0x04, 0x00, 0x00, 0x00, 0x90, 0x1C, 0x00, 0x00,
    0x00, 0x00, 0x00, 0x00, 0x00, 0x00, 0x00, 0x00, 0xFF, 0xFF, 0x00, 0x00, 0x33, 0x75, 0x00, 0x00,
    0x00, 0x00, 0x00, 0x00, 0x00, 0x00, 0x00, 0x00, 0x03, 0x00, 0x00, 0x00, 0x80, 0x1C, 0x00, 0x00,
    0x00, 0x00, 0x00, 0x00, 0x00, 0x00, 0x00, 0x00, 0xFF, 0xFF, 0x00, 0x00, 0x38, 0x75, 0x00, 0x00,
    0x00, 0x00, 0x00, 0x00, 0x00, 0x00, 0x00, 0x00, 0x03, 0x00, 0x00, 0x00, 0x6C, 0x1C, 0x00, 0x00,
    0x00, 0x00, 0x00, 0x00, 0x00, 0x00, 0x00, 0x00, 0xFF, 0xFF, 0x00, 0x00, 0x31, 0x75, 0x00, 0x00,
    0x00, 0x00, 0x00, 0x00, 0x00, 0x00, 0x00, 0x00, 0x03, 0x00, 0x00, 0x00, 0x58, 0x1C, 0x00, 0x00,
    0x00, 0x00, 0x00, 0x00, 0x00, 0x00, 0x00, 0x00, 0xFF, 0xFF, 0x00, 0x00, 0x33, 0x75, 0x00, 0x00,
    0x00, 0x00, 0x00, 0x00, 0x00, 0x00, 0x00, 0x00, 0x03, 0x00, 0x00, 0x00, 0x44, 0x1C, 0x00, 0x00,
    0x00, 0x00, 0x00, 0x00, 0x00, 0x00, 0x00, 0x00, 0xFF, 0xFF, 0x00, 0x00, 0x38, 0x75, 0x00, 0x00,
    0x00, 0x00, 0x00, 0x00, 0x00, 0x00, 0x00, 0x00, 0x03, 0x00, 0x00, 0x00, 0x30, 0x1C, 0x00, 0x00,
    0x00, 0x00, 0x00, 0x00, 0x00, 0x00, 0x00, 0x00, 0xFF, 0xFF, 0x00, 0x00, 0x31, 0x75, 0x00, 0x00,
    0x00, 0x00, 0x00, 0x00, 0x00, 0x00, 0x00, 0x00, 0x03, 0x00, 0x00, 0x00, 0x1C, 0x1C, 0x00, 0x00,
    0x00, 0x00, 0x00, 0x00, 0x00, 0x00, 0x00, 0x00, 0xFF, 0xFF, 0x00, 0x00, 0x33, 0x75, 0x00, 0x00,
    0x00, 0x00, 0x00, 0x00, 0x00, 0x00, 0x00, 0x00, 0x03, 0x00, 0x00, 0x00, 0x08, 0x1C, 0x00, 0x00,
    0x00, 0x00, 0x00, 0x00, 0x00, 0x00, 0x00, 0x00, 0xFF, 0xFF, 0x00, 0x00, 0x38, 0x75, 0x00, 0x00,
    0x00, 0x00, 0x00, 0x00, 0x00, 0x00, 0x00, 0x00, 0x03, 0x00, 0x00, 0x00, 0xF4, 0x1B, 0x00, 0x00,
    0x00, 0x00, 0x00, 0x00, 0x00, 0x00, 0x00, 0x00, 0xFF, 0xFF, 0x00, 0x00, 0x31, 0x75, 0x00, 0x00,
    0x00, 0x00, 0x00, 0x00, 0x00, 0x00, 0x00, 0x00, 0x03, 0x00, 0x00, 0x00, 0xE0, 0x1B, 0x00, 0x00,
    0x00, 0x00, 0x00, 0x00, 0x00, 0x00, 0x00, 0x00, 0xFF, 0xFF, 0x00, 0x00, 0x33, 0x75, 0x00, 0x00,
    0x00, 0x00, 0x00, 0x00, 0x00, 0x00, 0x00, 0x00, 0x03, 0x00, 0x00, 0x00, 0xCC, 0x1B, 0x00, 0x00,
    0x00, 0x00, 0x00, 0x00, 0x00, 0x00, 0x00, 0x00, 0xFF, 0xFF, 0x00, 0x00, 0x38, 0x75, 0x00, 0x00,
    0x00, 0x00, 0x00, 0x00, 0x00, 0x00, 0x00, 0x00, 0x03, 0x00, 0x00, 0x00, 0xB8, 0x1B, 0x00, 0x00,
    0x00, 0x00, 0x00, 0x00, 0x00, 0x00, 0x00, 0x00, 0xFF, 0xFF, 0x00, 0x00, 0x33, 0x75, 0x00, 0x00,
    0x00, 0x00, 0x00, 0x00, 0x00, 0x00, 0x00, 0x00, 0x03, 0x00, 0x00, 0x00, 0xA4, 0x1B, 0x00, 0x00,
    0x00, 0x00, 0x00, 0x00, 0x00, 0x00, 0x00, 0x00, 0xFF, 0xFF, 0x00, 0x00, 0x31, 0x75, 0x00, 0x00,
    0x00, 0x00, 0x00, 0x00, 0x00, 0x00, 0x00, 0x00, 0x03, 0x00, 0x00, 0x00, 0x90, 0x1B, 0x00, 0x00,
    0x00, 0x00, 0x00, 0x00, 0x00, 0x00, 0x00, 0x00, 0xFF, 0xFF, 0x00, 0x00, 0x33, 0x75, 0x00, 0x00,
    0x00, 0x00, 0x00, 0x00, 0x00, 0x00, 0x00, 0x00, 0x03, 0x00, 0x00, 0x00, 0x7C, 0x1B, 0x00, 0x00,
    0x00, 0x00, 0x00, 0x00, 0x00, 0x00, 0x00, 0x00, 0xFF, 0xFF, 0x00, 0x00, 0x38, 0x75, 0x00, 0x00,
    0x00, 0x00, 0x00, 0x00, 0x00, 0x00, 0x00, 0x00, 0x03, 0x00, 0x00, 0x00, 0x68, 0x1B, 0x00, 0x00,
    0x00, 0x00, 0x00, 0x00, 0x00, 0x00, 0x00, 0x00, 0xFF, 0xFF, 0x00, 0x00, 0x31, 0x75, 0x00, 0x00,
    0x00, 0x00, 0x00, 0x00, 0x00, 0x00, 0x00, 0x00, 0x03, 0x00, 0x00, 0x00, 0x54, 0x1B, 0x00, 0x00,
    0x00, 0x00, 0x00, 0x00, 0x00, 0x00, 0x00, 0x00, 0xFF, 0xFF, 0x00, 0x00, 0x33, 0x75, 0x00, 0x00,
    0x00, 0x00, 0x00, 0x00, 0x00, 0x00, 0x00, 0x00, 0x03, 0x00, 0x00, 0x00, 0x40, 0x1B, 0x00, 0x00,
    0x00, 0x00, 0x00, 0x00, 0x00, 0x00, 0x00, 0x00, 0xFF, 0xFF, 0x00, 0x00, 0x38, 0x75, 0x00, 0x00,
    0x00, 0x00, 0x00, 0x00, 0x00, 0x00, 0x00, 0x00, 0x03, 0x00, 0x00, 0x00, 0x2C, 0x1B, 0x00, 0x00,
    0x00, 0x00, 0x00, 0x00, 0x00, 0x00, 0x00, 0x00, 0xFF, 0xFF, 0x00, 0x00, 0x31, 0x75, 0x00, 0x00,
    0x00, 0x00, 0x00, 0x00, 0x00, 0x00, 0x00, 0x00, 0x03, 0x00, 0x00, 0x00, 0x18, 0x1B, 0x00, 0x00,
    0x00, 0x00, 0x00, 0x00, 0x00, 0x00, 0x00, 0x00, 0xFF, 0xFF, 0x00, 0x00, 0x33, 0x75, 0x00, 0x00,
    0x00, 0x00, 0x00, 0x00, 0x00, 0x00, 0x00, 0x00, 0x03, 0x00, 0x00, 0x00, 0x04, 0x1B, 0x00, 0x00,
    0x00, 0x00, 0x00, 0x00, 0x00, 0x00, 0x00, 0x00, 0xFF, 0xFF, 0x00, 0x00, 0x37, 0x75, 0x00, 0x00,
    0x00, 0x00, 0x00, 0x00, 0x00, 0x00, 0x00, 0x00, 0x03, 0x00, 0x00, 0x00, 0xF0, 0x1A, 0x00, 0x00,
    0x00, 0x00, 0x00, 0x00, 0x00, 0x00, 0x00, 0x00, 0xFF, 0xFF, 0x00, 0x00, 0x31, 0x75, 0x00, 0x00,
    0x00, 0x00, 0x00, 0x00, 0x00, 0x00, 0x00, 0x00, 0x03, 0x00, 0x00, 0x00, 0xDC, 0x1A, 0x00, 0x00,
    0x00, 0x00, 0x00, 0x00, 0x00, 0x00, 0x00, 0x00, 0xFF, 0xFF, 0x00, 0x00, 0x33, 0x75, 0x00, 0x00,
    0x00, 0x00, 0x00, 0x00, 0x00, 0x00, 0x00, 0x00, 0x03, 0x00, 0x00, 0x00, 0xC8, 0x1A, 0x00, 0x00,
    0x00, 0x00, 0x00, 0x00, 0x00, 0x00, 0x00, 0x00, 0xFF, 0xFF, 0x00, 0x00, 0x35, 0x75, 0x00, 0x00,
    0x00, 0x00, 0x00, 0x00, 0x00, 0x00, 0x00, 0x00, 0x03, 0x00, 0x00, 0x00, 0xB4, 0x1A, 0x00, 0x00,
    0x01, 0x00, 0x00, 0x00, 0xB8, 0x1A, 0x00, 0x00, 0xFF, 0xFF, 0x00, 0x00, 0x33, 0x75, 0x00, 0x00,
    0x00, 0x00, 0x00, 0x00, 0x00, 0x00, 0x00, 0x00, 0x04, 0x00, 0x00, 0x00, 0xA4, 0x1A, 0x00, 0x00,
    0x00, 0x00, 0x00, 0x00, 0x00, 0x00, 0x00, 0x00, 0xFF, 0xFF, 0x00, 0x00, 0x31, 0x75, 0x00, 0x00,
    0x00, 0x00, 0x00, 0x00, 0x00, 0x00, 0x00, 0x00, 0x03, 0x00, 0x00, 0x00, 0x94, 0x1A, 0x00, 0x00,
    0x00, 0x00, 0x00, 0x00, 0x00, 0x00, 0x00, 0x00, 0xFF, 0xFF, 0x00, 0x00, 0x33, 0x75, 0x00, 0x00,
    0x00, 0x00, 0x00, 0x00, 0x00, 0x00, 0x00, 0x00, 0x03, 0x00, 0x00, 0x00, 0x80, 0x1A, 0x00, 0x00,
    0x00, 0x00, 0x00, 0x00, 0x00, 0x00, 0x00, 0x00, 0xFF, 0xFF, 0x00, 0x00, 0x35, 0x75, 0x00, 0x00,
    0x00, 0x00, 0x00, 0x00, 0x00, 0x00, 0x00, 0x00, 0x03, 0x00, 0x00, 0x00, 0x6C, 0x1A, 0x00, 0x00,
    0x00, 0x00, 0x00, 0x00, 0x00, 0x00, 0x00, 0x00, 0xFF, 0xFF, 0x00, 0x00, 0x33, 0x75, 0x00, 0x00,
    0x00, 0x00, 0x00, 0x00, 0x00, 0x00, 0x00, 0x00, 0x04, 0x00, 0x00, 0x00, 0x58, 0x1A, 0x00, 0x00,
    0x00, 0x00, 0x00, 0x00, 0x00, 0x00, 0x00, 0x00, 0xFF, 0xFF, 0x00, 0x00, 0x31, 0x75, 0x00, 0x00,
    0x00, 0x00, 0x00, 0x00, 0x00, 0x00, 0x00, 0x00, 0x03, 0x00, 0x00, 0x00, 0x48, 0x1A, 0x00, 0x00,
    0x00, 0x00, 0x00, 0x00, 0x00, 0x00, 0x00, 0x00, 0xFF, 0xFF, 0x00, 0x00, 0x33, 0x75, 0x00, 0x00,
    0x00, 0x00, 0x00, 0x00, 0x00, 0x00, 0x00, 0x00, 0x03, 0x00, 0x00, 0x00, 0x34, 0x1A, 0x00, 0x00,
    0x00, 0x00, 0x00, 0x00, 0x00, 0x00, 0x00, 0x00, 0xFF, 0xFF, 0x00, 0x00, 0x35, 0x75, 0x00, 0x00,
    0x00, 0x00, 0x00, 0x00, 0x00, 0x00, 0x00, 0x00, 0x03, 0x00, 0x00, 0x00, 0x20, 0x1A, 0x00, 0x00,
    0x01, 0x00, 0x00, 0x00, 0x24, 0x1A, 0x00, 0x00, 0xFF, 0xFF, 0x00, 0x00, 0x33, 0x75, 0x00, 0x00,
    0x00, 0x00, 0x00, 0x00, 0x00, 0x00, 0x00, 0x00, 0x04, 0x00, 0x00, 0x00, 0x10, 0x1A, 0x00, 0x00,
    0x00, 0x00, 0x00, 0x00, 0x00, 0x00, 0x00, 0x00, 0xFF, 0xFF, 0x00, 0x00, 0x14, 0x04, 0x00, 0x00,
    0x01, 0x00, 0x00, 0x00, 0x08, 0x1A, 0x00, 0x00, 0x00, 0x00, 0x00, 0x00, 0x00, 0x00, 0x00, 0x00,
    0x01, 0x00, 0x00, 0x00, 0xFC, 0x19, 0x00, 0x00, 0xFF, 0xFF, 0x00, 0x00, 0x01, 0x00, 0x00, 0x00,
    0xF4, 0x19, 0x00, 0x00, 0x14, 0x04, 0x00, 0x00, 0x01, 0x00, 0x00, 0x00, 0xEC, 0x19, 0x00, 0x00,
    0x00, 0x00, 0x00, 0x00, 0x00, 0x00, 0x00, 0x00, 0x01, 0x00, 0x00, 0x00, 0xE0, 0x19, 0x00, 0x00,
    0xFF, 0xFF, 0x00, 0x00, 0x01, 0x00, 0x00, 0x00, 0xD8, 0x19, 0x00, 0x00, 0x14, 0x04, 0x00, 0x00,
    0x01, 0x00, 0x00, 0x00, 0xD0, 0x19, 0x00, 0x00, 0x00, 0x00, 0x00, 0x00, 0x00, 0x00, 0x00, 0x00,
    0x01, 0x00, 0x00, 0x00, 0xC4, 0x19, 0x00, 0x00, 0xFF, 0xFF, 0x00, 0x00, 0x01, 0x00, 0x00, 0x00,
    0xBC, 0x19, 0x00, 0x00, 0x14, 0x04, 0x00, 0x00, 0x01, 0x00, 0x00, 0x00, 0xB4, 0x19, 0x00, 0x00,
    0x00, 0x00, 0x00, 0x00, 0x00, 0x00, 0x00, 0x00, 0x01, 0x00, 0x00, 0x00, 0xA8, 0x19, 0x00, 0x00,
    0xFF, 0xFF, 0x00, 0x00, 0x01, 0x00, 0x00, 0x00, 0xA0, 0x19, 0x00, 0x00, 0x14, 0x04, 0x00, 0x00,
    0x01, 0x00, 0x00, 0x00, 0x98, 0x19, 0x00, 0x00, 0x00, 0x00, 0x00, 0x00, 0x00, 0x00, 0x00, 0x00,
    0x01, 0x00, 0x00, 0x00, 0x8C, 0x19, 0x00, 0x00, 0xFF, 0xFF, 0x00, 0x00, 0x01, 0x00, 0x00, 0x00,
    0x84, 0x19, 0x00, 0x00, 0x09, 0x04, 0x00, 0x00, 0x00, 0x00, 0x00, 0x00, 0x00, 0x00, 0x00, 0x00,
    0x08, 0x00, 0x00, 0x00, 0x74, 0x19, 0x00, 0x00, 0x00, 0x00, 0x00, 0x00, 0x00, 0x00, 0x00, 0x00,
    0xFF, 0xFF, 0x00, 0x00, 0x10, 0x00, 0x01, 0x00, 0x1B, 0x00, 0x00, 0x00, 0x30, 0x75, 0x00, 0x00,
    0x00, 0x00, 0x00, 0x00, 0x00, 0x00, 0x00, 0x00, 0x03, 0x00, 0x00, 0x00, 0x6C, 0x19, 0x00, 0x00,
    0x00, 0x00, 0x00, 0x00, 0x00, 0x00, 0x00, 0x00, 0xFF, 0xFF, 0x00, 0x00, 0x32, 0x75, 0x00, 0x00,
    0x00, 0x00, 0x00, 0x00, 0x00, 0x00, 0x00, 0x00, 0x03, 0x00, 0x00, 0x00, 0x58, 0x19, 0x00, 0x00,
    0x00, 0x00, 0x00, 0x00, 0x00, 0x00, 0x00, 0x00, 0xFF, 0xFF, 0x00, 0x00, 0x33, 0x75, 0x00, 0x00,
    0x00, 0x00, 0x00, 0x00, 0x00, 0x00, 0x00, 0x00, 0x03, 0x00, 0x00, 0x00, 0x44, 0x19, 0x00, 0x00,
    0x00, 0x00, 0x00, 0x00, 0x00, 0x00, 0x00, 0x00, 0xFF, 0xFF, 0x00, 0x00, 0x31, 0x75, 0x00, 0x00,
    0x00, 0x00, 0x00, 0x00, 0x00, 0x00, 0x00, 0x00, 0x03, 0x00, 0x00, 0x00, 0x30, 0x19, 0x00, 0x00,
    0x00, 0x00, 0x00, 0x00, 0x00, 0x00, 0x00, 0x00, 0xFF, 0xFF, 0x00, 0x00, 0x33, 0x75, 0x00, 0x00,
    0x00, 0x00, 0x00, 0x00, 0x00, 0x00, 0x00, 0x00, 0x03, 0x00, 0x00, 0x00, 0x1C, 0x19, 0x00, 0x00,
    0x00, 0x00, 0x00, 0x00, 0x00, 0x00, 0x00, 0x00, 0xFF, 0xFF, 0x00, 0x00, 0x33, 0x75, 0x00, 0x00,
    0x00, 0x00, 0x00, 0x00, 0x00, 0x00, 0x00, 0x00, 0x03, 0x00, 0x00, 0x00, 0x08, 0x19, 0x00, 0x00,
    0x00, 0x00, 0x00, 0x00, 0x00, 0x00, 0x00, 0x00, 0xFF, 0xFF, 0x00, 0x00, 0x33, 0x75, 0x00, 0x00,
    0x00, 0x00, 0x00, 0x00, 0x00, 0x00, 0x00, 0x00, 0x03, 0x00, 0x00, 0x00, 0xF4, 0x18, 0x00, 0x00,
    0x00, 0x00, 0x00, 0x00, 0x00, 0x00, 0x00, 0x00, 0xFF, 0xFF, 0x00, 0x00, 0x31, 0x75, 0x00, 0x00,
    0x00, 0x00, 0x00, 0x00, 0x00, 0x00, 0x00, 0x00, 0x03, 0x00, 0x00, 0x00, 0xE0, 0x18, 0x00, 0x00,
    0x00, 0x00, 0x00, 0x00, 0x00, 0x00, 0x00, 0x00, 0xFF, 0xFF, 0x00, 0x00, 0x33, 0x75, 0x00, 0x00,
    0x00, 0x00, 0x00, 0x00, 0x00, 0x00, 0x00, 0x00, 0x03, 0x00, 0x00, 0x00, 0xCC, 0x18, 0x00, 0x00,
    0x00, 0x00, 0x00, 0x00, 0x00, 0x00, 0x00, 0x00, 0xFF, 0xFF, 0x00, 0x00, 0x33, 0x75, 0x00, 0x00,
    0x00, 0x00, 0x00, 0x00, 0x00, 0x00, 0x00, 0x00, 0x03, 0x00, 0x00, 0x00, 0xB8, 0x18, 0x00, 0x00,
    0x00, 0x00, 0x00, 0x00, 0x00, 0x00, 0x00, 0x00, 0xFF, 0xFF, 0x00, 0x00, 0x33, 0x75, 0x00, 0x00,
    0x00, 0x00, 0x00, 0x00, 0x00, 0x00, 0x00, 0x00, 0x03, 0x00, 0x00, 0x00, 0xA4, 0x18, 0x00, 0x00,
    0x00, 0x00, 0x00, 0x00, 0x00, 0x00, 0x00, 0x00, 0xFF, 0xFF, 0x00, 0x00, 0x31, 0x75, 0x00, 0x00,
    0x00, 0x00, 0x00, 0x00, 0x00, 0x00, 0x00, 0x00, 0x03, 0x00, 0x00, 0x00, 0x90, 0x18, 0x00, 0x00,
    0x00, 0x00, 0x00, 0x00, 0x00, 0x00, 0x00, 0x00, 0xFF, 0xFF, 0x00, 0x00, 0x33, 0x75, 0x00, 0x00,
    0x00, 0x00, 0x00, 0x00, 0x00, 0x00, 0x00, 0x00, 0x03, 0x00, 0x00, 0x00, 0x7C, 0x18, 0x00, 0x00,
    0x00, 0x00, 0x00, 0x00, 0x00, 0x00, 0x00, 0x00, 0xFF, 0xFF, 0x00, 0x00, 0x33, 0x75, 0x00, 0x00,
    0x00, 0x00, 0x00, 0x00, 0x00, 0x00, 0x00, 0x00, 0x03, 0x00, 0x00, 0x00, 0x68, 0x18, 0x00, 0x00,
    0x00, 0x00, 0x00, 0x00, 0x00, 0x00, 0x00, 0x00, 0xFF, 0xFF, 0x00, 0x00, 0x33, 0x75, 0x00, 0x00,
    0x00, 0x00, 0x00, 0x00, 0x00, 0x00, 0x00, 0x00, 0x03, 0x00, 0x00, 0x00, 0x54, 0x18, 0x00, 0x00,
    0x00, 0x00, 0x00, 0x00, 0x00, 0x00, 0x00, 0x00, 0xFF, 0xFF, 0x00, 0x00, 0x31, 0x75, 0x00, 0x00,
    0x00, 0x00, 0x00, 0x00, 0x00, 0x00, 0x00, 0x00, 0x03, 0x00, 0x00, 0x00, 0x40, 0x18, 0x00, 0x00,
    0x00, 0x00, 0x00, 0x00, 0x00, 0x00, 0x00, 0x00, 0xFF, 0xFF, 0x00, 0x00, 0x33, 0x75, 0x00, 0x00,
    0x00, 0x00, 0x00, 0x00, 0x00, 0x00, 0x00, 0x00, 0x03, 0x00, 0x00, 0x00, 0x2C, 0x18, 0x00, 0x00,
    0x00, 0x00, 0x00, 0x00, 0x00, 0x00, 0x00, 0x00, 0xFF, 0xFF, 0x00, 0x00, 0x33, 0x75, 0x00, 0x00,
    0x00, 0x00, 0x00, 0x00, 0x00, 0x00, 0x00, 0x00, 0x03, 0x00, 0x00, 0x00, 0x18, 0x18, 0x00, 0x00,
    0x00, 0x00, 0x00, 0x00, 0x00, 0x00, 0x00, 0x00, 0xFF, 0xFF, 0x00, 0x00, 0x09, 0x04, 0x00, 0x00,
    0x00, 0x00, 0x00, 0x00, 0x00, 0x00, 0x00, 0x00, 0x08, 0x00, 0x00, 0x00, 0x04, 0x18, 0x00, 0x00,
    0x00, 0x00, 0x00, 0x00, 0x00, 0x00, 0x00, 0x00, 0xFF, 0xFF, 0x00, 0x00, 0x10, 0x00, 0x01, 0x00,
    0x20, 0x00, 0x00, 0x00, 0x30, 0x75, 0x00, 0x00, 0x00, 0x00, 0x00, 0x00, 0x00, 0x00, 0x00, 0x00,
    0x03, 0x00, 0x00, 0x00, 0xFC, 0x17, 0x00, 0x00, 0x00, 0x00, 0x00, 0x00, 0x00, 0x00, 0x00, 0x00,
    0xFF, 0xFF, 0x00, 0x00, 0x09, 0x04, 0x00, 0x00, 0x00, 0x00, 0x00, 0x00, 0x00, 0x00, 0x00, 0x00,
    0x07, 0x00, 0x00, 0x00, 0xE8, 0x17, 0x00, 0x00, 0x00, 0x00, 0x00, 0x00, 0x00, 0x00, 0x00, 0x00,
    0xFF, 0xFF, 0x00, 0x00, 0x11, 0x00, 0x01, 0x00, 0x25, 0x00, 0x00, 0x00, 0x33, 0x75, 0x00, 0x00,
    0x00, 0x00, 0x00, 0x00, 0x00, 0x00, 0x00, 0x00, 0x04, 0x00, 0x00, 0x00, 0xDC, 0x17, 0x00, 0x00,
    0x00, 0x00, 0x00, 0x00, 0x00, 0x00, 0x00, 0x00, 0xFF, 0xFF, 0x00, 0x00, 0x33, 0x75, 0x00, 0x00,
    0x00, 0x00, 0x00, 0x00, 0x00, 0x00, 0x00, 0x00, 0x03, 0x00, 0x00, 0x00, 0xCC, 0x17, 0x00, 0x00,
    0x00, 0x00, 0x00, 0x00, 0x00, 0x00, 0x00, 0x00, 0xFF, 0xFF, 0x00, 0x00, 0x09, 0x04, 0x00, 0x00,
    0x00, 0x00, 0x00, 0x00, 0x00, 0x00, 0x00, 0x00, 0x08, 0x00, 0x00, 0x00, 0xB8, 0x17, 0x00, 0x00,
    0x00, 0x00, 0x00, 0x00, 0x00, 0x00, 0x00, 0x00, 0xFF, 0xFF, 0x00, 0x00, 0x10, 0x00, 0x01, 0x00,
    0x27, 0x00, 0x00, 0x00, 0x30, 0x75, 0x00, 0x00, 0x00, 0x00, 0x00, 0x00, 0x00, 0x00, 0x00, 0x00,
    0x03, 0x00, 0x00, 0x00, 0xB0, 0x17, 0x00, 0x00, 0x00, 0x00, 0x00, 0x00, 0x00, 0x00, 0x00, 0x00,
    0xFF, 0xFF, 0x00, 0x00, 0x31, 0x75, 0x00, 0x00, 0x00, 0x00, 0x00, 0x00, 0x00, 0x00, 0x00, 0x00,
    0x03, 0x00, 0x00, 0x00, 0x9C, 0x17, 0x00, 0x00, 0x00, 0x00, 0x00, 0x00, 0x00, 0x00, 0x00, 0x00,
    0xFF, 0xFF, 0x00, 0x00, 0x33, 0x75, 0x00, 0x00, 0x00, 0x00, 0x00, 0x00, 0x00, 0x00, 0x00, 0x00,
    0x03, 0x00, 0x00, 0x00, 0x88, 0x17, 0x00, 0x00, 0x00, 0x00, 0x00, 0x00, 0x00, 0x00, 0x00, 0x00,
    0xFF, 0xFF, 0x00, 0x00, 0xF5, 0x03, 0x00, 0x00, 0x01, 0x00, 0x00, 0x00, 0x7C, 0x17, 0x00, 0x00,
    0x01, 0x00, 0x00, 0x00, 0x78, 0x17, 0x00, 0x00, 0x00, 0x00, 0x00, 0x00, 0x00, 0x00, 0x00, 0x00,
    0xFF, 0xFF, 0x00, 0x00, 0x15, 0x00, 0x00, 0x00, 0x09, 0x04, 0x00, 0x00, 0x00, 0x00, 0x00, 0x00,
    0x00, 0x00, 0x00, 0x00, 0x08, 0x00, 0x00, 0x00, 0x58, 0x17, 0x00, 0x00, 0x00, 0x00, 0x00, 0x00,
    0x00, 0x00, 0x00, 0x00, 0xFF, 0xFF, 0x00, 0x00, 0x10, 0x00, 0x01, 0x00, 0x2C, 0x00, 0x00, 0x00,
    0x30, 0x75, 0x00, 0x00, 0x00, 0x00, 0x00, 0x00, 0x00, 0x00, 0x00, 0x00, 0x03, 0x00, 0x00, 0x00,
    0x50, 0x17, 0x00, 0x00, 0x00, 0x00, 0x00, 0x00, 0x00, 0x00, 0x00, 0x00, 0xFF, 0xFF, 0x00, 0x00,
    0x31, 0x75, 0x00, 0x00, 0x00, 0x00, 0x00, 0x00, 0x00, 0x00, 0x00, 0x00, 0x03, 0x00, 0x00, 0x00,
    0x3C, 0x17, 0x00, 0x00, 0x00, 0x00, 0x00, 0x00, 0x00, 0x00, 0x00, 0x00, 0xFF, 0xFF, 0x00, 0x00,
    0x09, 0x04, 0x00, 0x00, 0x00, 0x00, 0x00, 0x00, 0x00, 0x00, 0x00, 0x00, 0x08, 0x00, 0x00, 0x00,
    0x28, 0x17, 0x00, 0x00, 0x00, 0x00, 0x00, 0x00, 0x00, 0x00, 0x00, 0x00, 0xFF, 0xFF, 0x00, 0x00,
    0x10, 0x00, 0x01, 0x00, 0x31, 0x00, 0x00, 0x00, 0x30, 0x75, 0x00, 0x00, 0x00, 0x00, 0x00, 0x00,
    0x00, 0x00, 0x00, 0x00, 0x03, 0x00, 0x00, 0x00, 0x20, 0x17, 0x00, 0x00, 0x00, 0x00, 0x00, 0x00,
    0x00, 0x00, 0x00, 0x00, 0xFF, 0xFF, 0x00, 0x00, 0x09, 0x04, 0x00, 0x00, 0x00, 0x00, 0x00, 0x00,
    0x00, 0x00, 0x00, 0x00, 0x07, 0x00, 0x00, 0x00, 0x0C, 0x17, 0x00, 0x00, 0x00, 0x00, 0x00, 0x00,
    0x00, 0x00, 0x00, 0x00, 0xFF, 0xFF, 0x00, 0x00, 0x11, 0x00, 0x01, 0x00, 0x36, 0x00, 0x00, 0x00,
    0x33, 0x75, 0x00, 0x00, 0x00, 0x00, 0x00, 0x00, 0x00, 0x00, 0x00, 0x00, 0x04, 0x00, 0x00, 0x00,
    0x00, 0x17, 0x00, 0x00, 0x00, 0x00, 0x00, 0x00, 0x00, 0x00, 0x00, 0x00, 0xFF, 0xFF, 0x00, 0x00,
    0x33, 0x75, 0x00, 0x00, 0x00, 0x00, 0x00, 0x00, 0x00, 0x00, 0x00, 0x00, 0x03, 0x00, 0x00, 0x00,
    0xF0, 0x16, 0x00, 0x00, 0x00, 0x00, 0x00, 0x00, 0x00, 0x00, 0x00, 0x00, 0xFF, 0xFF, 0x00, 0x00,
    0x09, 0x04, 0x00, 0x00, 0x00, 0x00, 0x00, 0x00, 0x00, 0x00, 0x00, 0x00, 0x08, 0x00, 0x00, 0x00,
    0xDC, 0x16, 0x00, 0x00, 0x00, 0x00, 0x00, 0x00, 0x00, 0x00, 0x00, 0x00, 0xFF, 0xFF, 0x00, 0x00,
    0x10, 0x00, 0x01, 0x00, 0x38, 0x00, 0x00, 0x00, 0x30, 0x75, 0x00, 0x00, 0x00, 0x00, 0x00, 0x00,
    0x00, 0x00, 0x00, 0x00, 0x03, 0x00, 0x00, 0x00, 0xD4, 0x16, 0x00, 0x00, 0x00, 0x00, 0x00, 0x00,
    0x00, 0x00, 0x00, 0x00, 0xFF, 0xFF, 0x00, 0x00, 0x32, 0x75, 0x00, 0x00, 0x00, 0x00, 0x00, 0x00,
    0x00, 0x00, 0x00, 0x00, 0x03, 0x00, 0x00, 0x00, 0xC0, 0x16, 0x00, 0x00, 0x00, 0x00, 0x00, 0x00,
    0x00, 0x00, 0x00, 0x00, 0xFF, 0xFF, 0x00, 0x00, 0x33, 0x75, 0x00, 0x00, 0x00, 0x00, 0x00, 0x00,
    0x00, 0x00, 0x00, 0x00, 0x03, 0x00, 0x00, 0x00, 0xAC, 0x16, 0x00, 0x00, 0x00, 0x00, 0x00, 0x00,
    0x00, 0x00, 0x00, 0x00, 0xFF, 0xFF, 0x00, 0x00, 0x31, 0x75, 0x00, 0x00, 0x00, 0x00, 0x00, 0x00,
    0x00, 0x00, 0x00, 0x00, 0x03, 0x00, 0x00, 0x00, 0x98, 0x16, 0x00, 0x00, 0x00, 0x00, 0x00, 0x00,
    0x00, 0x00, 0x00, 0x00, 0xFF, 0xFF, 0x00, 0x00, 0x33, 0x75, 0x00, 0x00, 0x00, 0x00, 0x00, 0x00,
    0x00, 0x00, 0x00, 0x00, 0x03, 0x00, 0x00, 0x00, 0x84, 0x16, 0x00, 0x00, 0x00, 0x00, 0x00, 0x00,
    0x00, 0x00, 0x00, 0x00, 0xFF, 0xFF, 0x00, 0x00, 0x33, 0x75, 0x00, 0x00, 0x00, 0x00, 0x00, 0x00,
    0x00, 0x00, 0x00, 0x00, 0x03, 0x00, 0x00, 0x00, 0x70, 0x16, 0x00, 0x00, 0x00, 0x00, 0x00, 0x00,
    0x00, 0x00, 0x00, 0x00, 0xFF, 0xFF, 0x00, 0x00, 0x33, 0x75, 0x00, 0x00, 0x00, 0x00, 0x00, 0x00,
    0x00, 0x00, 0x00, 0x00, 0x03, 0x00, 0x00, 0x00, 0x5C, 0x16, 0x00, 0x00, 0x00, 0x00, 0x00, 0x00,
    0x00, 0x00, 0x00, 0x00, 0xFF, 0xFF, 0x00, 0x00, 0x31, 0x75, 0x00, 0x00, 0x00, 0x00, 0x00, 0x00,
    0x00, 0x00, 0x00, 0x00, 0x03, 0x00, 0x00, 0x00, 0x48, 0x16, 0x00, 0x00, 0x00, 0x00, 0x00, 0x00,
    0x00, 0x00, 0x00, 0x00, 0xFF, 0xFF, 0x00, 0x00, 0x33, 0x75, 0x00, 0x00, 0x00, 0x00, 0x00, 0x00,
    0x00, 0x00, 0x00, 0x00, 0x03, 0x00, 0x00, 0x00, 0x34, 0x16, 0x00, 0x00, 0x00, 0x00, 0x00, 0x00,
    0x00, 0x00, 0x00, 0x00, 0xFF, 0xFF, 0x00, 0x00, 0x33, 0x75, 0x00, 0x00, 0x00, 0x00, 0x00, 0x00,
    0x00, 0x00, 0x00, 0x00, 0x03, 0x00, 0x00, 0x00, 0x20, 0x16, 0x00, 0x00, 0x00, 0x00, 0x00, 0x00,
    0x00, 0x00, 0x00, 0x00, 0xFF, 0xFF, 0x00, 0x00, 0x33, 0x75, 0x00, 0x00, 0x00, 0x00, 0x00, 0x00,
    0x00, 0x00, 0x00, 0x00, 0x03, 0x00, 0x00, 0x00, 0x0C, 0x16, 0x00, 0x00, 0x00, 0x00, 0x00, 0x00,
    0x00, 0x00, 0x00, 0x00, 0xFF, 0xFF, 0x00, 0x00, 0x31, 0x75, 0x00, 0x00, 0x00, 0x00, 0x00, 0x00,
    0x00, 0x00, 0x00, 0x00, 0x03, 0x00, 0x00, 0x00, 0xF8, 0x15, 0x00, 0x00, 0x00, 0x00, 0x00, 0x00,
    0x00, 0x00, 0x00, 0x00, 0xFF, 0xFF, 0x00, 0x00, 0x33, 0x75, 0x00, 0x00, 0x00, 0x00, 0x00, 0x00,
    0x00, 0x00, 0x00, 0x00, 0x03, 0x00, 0x00, 0x00, 0xE4, 0x15, 0x00, 0x00, 0x00, 0x00, 0x00, 0x00,
    0x00, 0x00, 0x00, 0x00, 0xFF, 0xFF, 0x00, 0x00, 0x33, 0x75, 0x00, 0x00, 0x00, 0x00, 0x00, 0x00,
    0x00, 0x00, 0x00, 0x00, 0x03, 0x00, 0x00, 0x00, 0xD0, 0x15, 0x00, 0x00, 0x00, 0x00, 0x00, 0x00,
    0x00, 0x00, 0x00, 0x00, 0xFF, 0xFF, 0x00, 0x00, 0x33, 0x75, 0x00, 0x00, 0x00, 0x00, 0x00, 0x00,
    0x00, 0x00, 0x00, 0x00, 0x03, 0x00, 0x00, 0x00, 0xBC, 0x15, 0x00, 0x00, 0x00, 0x00, 0x00, 0x00,
    0x00, 0x00, 0x00, 0x00, 0xFF, 0xFF, 0x00, 0x00, 0x31, 0x75, 0x00, 0x00, 0x00, 0x00, 0x00, 0x00,
    0x00, 0x00, 0x00, 0x00, 0x03, 0x00, 0x00, 0x00, 0xA8, 0x15, 0x00, 0x00, 0x00, 0x00, 0x00, 0x00,
    0x00, 0x00, 0x00, 0x00, 0xFF, 0xFF, 0x00, 0x00, 0x33, 0x75, 0x00, 0x00, 0x00, 0x00, 0x00, 0x00,
    0x00, 0x00, 0x00, 0x00, 0x03, 0x00, 0x00, 0x00, 0x94, 0x15, 0x00, 0x00, 0x00, 0x00, 0x00, 0x00,
    0x00, 0x00, 0x00, 0x00, 0xFF, 0xFF, 0x00, 0x00, 0x33, 0x75, 0x00, 0x00, 0x00, 0x00, 0x00, 0x00,
    0x00, 0x00, 0x00, 0x00, 0x03, 0x00, 0x00, 0x00, 0x80, 0x15, 0x00, 0x00, 0x00, 0x00, 0x00, 0x00,
    0x00, 0x00, 0x00, 0x00, 0xFF, 0xFF, 0x00, 0x00, 0x09, 0x04, 0x00, 0x00, 0x00, 0x00, 0x00, 0x00,
    0x00, 0x00, 0x00, 0x00, 0x08, 0x00, 0x00, 0x00, 0x6C, 0x15, 0x00, 0x00, 0x00, 0x00, 0x00, 0x00,
    0x00, 0x00, 0x00, 0x00, 0xFF, 0xFF, 0x00, 0x00, 0x10, 0x00, 0x01, 0x00, 0x3D, 0x00, 0x00, 0x00,
    0x30, 0x75, 0x00, 0x00, 0x00, 0x00, 0x00, 0x00, 0x00, 0x00, 0x00, 0x00, 0x03, 0x00, 0x00, 0x00,
    0x64, 0x15, 0x00, 0x00, 0x00, 0x00, 0x00, 0x00, 0x00, 0x00, 0x00, 0x00, 0xFF, 0xFF, 0x00, 0x00,
    0x39, 0x75, 0x00, 0x00, 0x00, 0x00, 0x00, 0x00, 0x00, 0x00, 0x00, 0x00, 0x03, 0x00, 0x00, 0x00,
    0x50, 0x15, 0x00, 0x00, 0x00, 0x00, 0x00, 0x00, 0x00, 0x00, 0x00, 0x00, 0xFF, 0xFF, 0x00, 0x00,
    0x09, 0x04, 0x00, 0x00, 0x00, 0x00, 0x00, 0x00, 0x00, 0x00, 0x00, 0x00, 0x08, 0x00, 0x00, 0x00,
    0x3C, 0x15, 0x00, 0x00, 0x00, 0x00, 0x00, 0x00, 0x00, 0x00, 0x00, 0x00, 0xFF, 0xFF, 0x00, 0x00,
    0x10, 0x00, 0x01, 0x00, 0x42, 0x00, 0x00, 0x00, 0x30, 0x75, 0x00, 0x00, 0x00, 0x00, 0x00, 0x00,
    0x00, 0x00, 0x00, 0x00, 0x03, 0x00, 0x00, 0x00, 0x34, 0x15, 0x00, 0x00, 0x00, 0x00, 0x00, 0x00,
    0x00, 0x00, 0x00, 0x00, 0xFF, 0xFF, 0x00, 0x00, 0x32, 0x75, 0x00, 0x00, 0x00, 0x00, 0x00, 0x00,
    0x00, 0x00, 0x00, 0x00, 0x03, 0x00, 0x00, 0x00, 0x20, 0x15, 0x00, 0x00, 0x00, 0x00, 0x00, 0x00,
    0x00, 0x00, 0x00, 0x00, 0xFF, 0xFF, 0x00, 0x00, 0x35, 0x75, 0x00, 0x00, 0x00, 0x00, 0x00, 0x00,
    0x00, 0x00, 0x00, 0x00, 0x03, 0x00, 0x00, 0x00, 0x0C, 0x15, 0x00, 0x00, 0x00, 0x00, 0x00, 0x00,
    0x00, 0x00, 0x00, 0x00, 0xFF, 0xFF, 0x00, 0x00, 0x33, 0x75, 0x00, 0x00, 0x00, 0x00, 0x00, 0x00,
    0x00, 0x00, 0x00, 0x00, 0x04, 0x00, 0x00, 0x00, 0xF8, 0x14, 0x00, 0x00, 0x00, 0x00, 0x00, 0x00,
    0x00, 0x00, 0x00, 0x00, 0xFF, 0xFF, 0x00, 0x00, 0x33, 0x75, 0x00, 0x00, 0x00, 0x00, 0x00, 0x00,
    0x00, 0x00, 0x00, 0x00, 0x03, 0x00, 0x00, 0x00, 0xE8, 0x14, 0x00, 0x00, 0x00, 0x00, 0x00, 0x00,
    0x00, 0x00, 0x00, 0x00, 0xFF, 0xFF, 0x00, 0x00, 0x35, 0x75, 0x00, 0x00, 0x00, 0x00, 0x00, 0x00,
    0x00, 0x00, 0x00, 0x00, 0x03, 0x00, 0x00, 0x00, 0xD4, 0x14, 0x00, 0x00, 0x00, 0x00, 0x00, 0x00,
    0x00, 0x00, 0x00, 0x00, 0xFF, 0xFF, 0x00, 0x00, 0x33, 0x75, 0x00, 0x00, 0x00, 0x00, 0x00, 0x00,
    0x00, 0x00, 0x00, 0x00, 0x04, 0x00, 0x00, 0x00, 0xC0, 0x14, 0x00, 0x00, 0x00, 0x00, 0x00, 0x00,
    0x00, 0x00, 0x00, 0x00, 0xFF, 0xFF, 0x00, 0x00, 0x33, 0x75, 0x00, 0x00, 0x00, 0x00, 0x00, 0x00,
    0x00, 0x00, 0x00, 0x00, 0x03, 0x00, 0x00, 0x00, 0xB0, 0x14, 0x00, 0x00, 0x00, 0x00, 0x00, 0x00,
    0x00, 0x00, 0x00, 0x00, 0xFF, 0xFF, 0x00, 0x00, 0x35, 0x75, 0x00, 0x00, 0x00, 0x00, 0x00, 0x00,
    0x00, 0x00, 0x00, 0x00, 0x03, 0x00, 0x00, 0x00, 0x9C, 0x14, 0x00, 0x00, 0x00, 0x00, 0x00, 0x00,
    0x00, 0x00, 0x00, 0x00, 0xFF, 0xFF, 0x00, 0x00, 0x33, 0x75, 0x00, 0x00, 0x00, 0x00, 0x00, 0x00,
    0x00, 0x00, 0x00, 0x00, 0x04, 0x00, 0x00, 0x00, 0x88, 0x14, 0x00, 0x00, 0x00, 0x00, 0x00, 0x00,
    0x00, 0x00, 0x00, 0x00, 0xFF, 0xFF, 0x00, 0x00, 0x33, 0x75, 0x00, 0x00, 0x00, 0x00, 0x00, 0x00,
    0x00, 0x00, 0x00, 0x00, 0x03, 0x00, 0x00, 0x00, 0x78, 0x14, 0x00, 0x00, 0x00, 0x00, 0x00, 0x00,
    0x00, 0x00, 0x00, 0x00, 0xFF, 0xFF, 0x00, 0x00, 0x33, 0x75, 0x00, 0x00, 0x00, 0x00, 0x00, 0x00,
    0x00, 0x00, 0x00, 0x00, 0x03, 0x00, 0x00, 0x00, 0x64, 0x14, 0x00, 0x00, 0x00, 0x00, 0x00, 0x00,
    0x00, 0x00, 0x00, 0x00, 0xFF, 0xFF, 0x00, 0x00, 0x30, 0x75, 0x00, 0x00, 0x00, 0x00, 0x00, 0x00,
    0x00, 0x00, 0x00, 0x00, 0x03, 0x00, 0x00, 0x00, 0x50, 0x14, 0x00, 0x00, 0x00, 0x00, 0x00, 0x00,
    0x00, 0x00, 0x00, 0x00, 0xFF, 0xFF, 0x00, 0x00, 0x3A, 0x75, 0x00, 0x00, 0x00, 0x00, 0x00, 0x00,
    0x00, 0x00, 0x00, 0x00, 0x03, 0x00, 0x00, 0x00, 0x3C, 0x14, 0x00, 0x00, 0x00, 0x00, 0x00, 0x00,
    0x00, 0x00, 0x00, 0x00, 0xFF, 0xFF, 0x00, 0x00, 0x33, 0x75, 0x00, 0x00, 0x00, 0x00, 0x00, 0x00,
    0x00, 0x00, 0x00, 0x00, 0x03, 0x00, 0x00, 0x00, 0x28, 0x14, 0x00, 0x00, 0x00, 0x00, 0x00, 0x00,
    0x00, 0x00, 0x00, 0x00, 0xFF, 0xFF, 0x00, 0x00, 0x09, 0x04, 0x00, 0x00, 0x00, 0x00, 0x00, 0x00,
    0x00, 0x00, 0x00, 0x00, 0x08, 0x00, 0x00, 0x00, 0x14, 0x14, 0x00, 0x00, 0x00, 0x00, 0x00, 0x00,
    0x00, 0x00, 0x00, 0x00, 0xFF, 0xFF, 0x00, 0x00, 0x10, 0x00, 0x01, 0x00, 0x47, 0x00, 0x00, 0x00,
    0x30, 0x75, 0x00, 0x00, 0x00, 0x00, 0x00, 0x00, 0x00, 0x00, 0x00, 0x00, 0x03, 0x00, 0x00, 0x00,
    0x0C, 0x14, 0x00, 0x00, 0x00, 0x00, 0x00, 0x00, 0x00, 0x00, 0x00, 0x00, 0xFF, 0xFF, 0x00, 0x00,
    0x32, 0x75, 0x00, 0x00, 0x00, 0x00, 0x00, 0x00, 0x00, 0x00, 0x00, 0x00, 0x03, 0x00, 0x00, 0x00,
    0xF8, 0x13, 0x00, 0x00, 0x00, 0x00, 0x00, 0x00, 0x00, 0x00, 0x00, 0x00, 0xFF, 0xFF, 0x00, 0x00,
    0x31, 0x75, 0x00, 0x00, 0x00, 0x00, 0x00, 0x00, 0x00, 0x00, 0x00, 0x00, 0x03, 0x00, 0x00, 0x00,
    0xE4, 0x13, 0x00, 0x00, 0x00, 0x00, 0x00, 0x00, 0x00, 0x00, 0x00, 0x00, 0xFF, 0xFF, 0x00, 0x00,
    0x33, 0x75, 0x00, 0x00, 0x00, 0x00, 0x00, 0x00, 0x00, 0x00, 0x00, 0x00, 0x03, 0x00, 0x00, 0x00,
    0xD0, 0x13, 0x00, 0x00, 0x00, 0x00, 0x00, 0x00, 0x00, 0x00, 0x00, 0x00, 0xFF, 0xFF, 0x00, 0x00,
    0x37, 0x75, 0x00, 0x00, 0x00, 0x00, 0x00, 0x00, 0x00, 0x00, 0x00, 0x00, 0x03, 0x00, 0x00, 0x00,
    0xBC, 0x13, 0x00, 0x00, 0x00, 0x00, 0x00, 0x00, 0x00, 0x00, 0x00, 0x00, 0xFF, 0xFF, 0x00, 0x00,
    0x31, 0x75, 0x00, 0x00, 0x00, 0x00, 0x00, 0x00, 0x00, 0x00, 0x00, 0x00, 0x03, 0x00, 0x00, 0x00,
    0xA8, 0x13, 0x00, 0x00, 0x00, 0x00, 0x00, 0x00, 0x00, 0x00, 0x00, 0x00, 0xFF, 0xFF, 0x00, 0x00,
    0x33, 0x75, 0x00, 0x00, 0x00, 0x00, 0x00, 0x00, 0x00, 0x00, 0x00, 0x00, 0x03, 0x00, 0x00, 0x00,
    0x94, 0x13, 0x00, 0x00, 0x00, 0x00, 0x00, 0x00, 0x00, 0x00, 0x00, 0x00, 0xFF, 0xFF, 0x00, 0x00,
    0x37, 0x75, 0x00, 0x00, 0x00, 0x00, 0x00, 0x00, 0x00, 0x00, 0x00, 0x00, 0x03, 0x00, 0x00, 0x00,
    0x80, 0x13, 0x00, 0x00, 0x00, 0x00, 0x00, 0x00, 0x00, 0x00, 0x00, 0x00, 0xFF, 0xFF, 0x00, 0x00,
    0x31, 0x75, 0x00, 0x00, 0x00, 0x00, 0x00, 0x00, 0x00, 0x00, 0x00, 0x00, 0x03, 0x00, 0x00, 0x00,
    0x6C, 0x13, 0x00, 0x00, 0x00, 0x00, 0x00, 0x00, 0x00, 0x00, 0x00, 0x00, 0xFF, 0xFF, 0x00, 0x00,
    0x33, 0x75, 0x00, 0x00, 0x00, 0x00, 0x00, 0x00, 0x00, 0x00, 0x00, 0x00, 0x03, 0x00, 0x00, 0x00,
    0x58, 0x13, 0x00, 0x00, 0x00, 0x00, 0x00, 0x00, 0x00, 0x00, 0x00, 0x00, 0xFF, 0xFF, 0x00, 0x00,
    0x37, 0x75, 0x00, 0x00, 0x00, 0x00, 0x00, 0x00, 0x00, 0x00, 0x00, 0x00, 0x03, 0x00, 0x00, 0x00,
    0x44, 0x13, 0x00, 0x00, 0x00, 0x00, 0x00, 0x00, 0x00, 0x00, 0x00, 0x00, 0xFF, 0xFF, 0x00, 0x00,
    0x31, 0x75, 0x00, 0x00, 0x00, 0x00, 0x00, 0x00, 0x00, 0x00, 0x00, 0x00, 0x03, 0x00, 0x00, 0x00,
    0x30, 0x13, 0x00, 0x00, 0x00, 0x00, 0x00, 0x00, 0x00, 0x00, 0x00, 0x00, 0xFF, 0xFF, 0x00, 0x00,
    0x33, 0x75, 0x00, 0x00, 0x00, 0x00, 0x00, 0x00, 0x00, 0x00, 0x00, 0x00, 0x03, 0x00, 0x00, 0x00,
    0x1C, 0x13, 0x00, 0x00, 0x00, 0x00, 0x00, 0x00, 0x00, 0x00, 0x00, 0x00, 0xFF, 0xFF, 0x00, 0x00,
    0x37, 0x75, 0x00, 0x00, 0x00, 0x00, 0x00, 0x00, 0x00, 0x00, 0x00, 0x00, 0x03, 0x00, 0x00, 0x00,
    0x08, 0x13, 0x00, 0x00, 0x00, 0x00, 0x00, 0x00, 0x00, 0x00, 0x00, 0x00, 0xFF, 0xFF, 0x00, 0x00,
    0x35, 0x75, 0x00, 0x00, 0x00, 0x00, 0x00, 0x00, 0x00, 0x00, 0x00, 0x00, 0x03, 0x00, 0x00, 0x00,
    0xF4, 0x12, 0x00, 0x00, 0x00, 0x00, 0x00, 0x00, 0x00, 0x00, 0x00, 0x00, 0xFF, 0xFF, 0x00, 0x00,
    0x33, 0x75, 0x00, 0x00, 0x00, 0x00, 0x00, 0x00, 0x00, 0x00, 0x00, 0x00, 0x03, 0x00, 0x00, 0x00,
    0xE0, 0x12, 0x00, 0x00, 0x00, 0x00, 0x00, 0x00, 0x00, 0x00, 0x00, 0x00, 0xFF, 0xFF, 0x00, 0x00,
    0x09, 0x04, 0x00, 0x00, 0x00, 0x00, 0x00, 0x00, 0x00, 0x00, 0x00, 0x00, 0x08, 0x00, 0x00, 0x00,
    0xCC, 0x12, 0x00, 0x00, 0x00, 0x00, 0x00, 0x00, 0x00, 0x00, 0x00, 0x00, 0xFF, 0xFF, 0x00, 0x00,
    0x10, 0x00, 0x01, 0x00, 0x4C, 0x00, 0x00, 0x00, 0x30, 0x75, 0x00, 0x00, 0x00, 0x00, 0x00, 0x00,
    0x00, 0x00, 0x00, 0x00, 0x03, 0x00, 0x00, 0x00, 0xC4, 0x12, 0x00, 0x00, 0x00, 0x00, 0x00, 0x00,
    0x00, 0x00, 0x00, 0x00, 0xFF, 0xFF, 0x00, 0x00, 0x3B, 0x75, 0x00, 0x00, 0x00, 0x00, 0x00, 0x00,
    0x00, 0x00, 0x00, 0x00, 0x03, 0x00, 0x00, 0x00, 0xB0, 0x12, 0x00, 0x00, 0x00, 0x00, 0x00, 0x00,
    0x00, 0x00, 0x00, 0x00, 0xFF, 0xFF, 0x00, 0x00, 0x33, 0x75, 0x00, 0x00, 0x00, 0x00, 0x00, 0x00,
    0x00, 0x00, 0x00, 0x00, 0x03, 0x00, 0x00, 0x00, 0x9C, 0x12, 0x00, 0x00, 0x00, 0x00, 0x00, 0x00,
    0x00, 0x00, 0x00, 0x00, 0xFF, 0xFF, 0x00, 0x00, 0x33, 0x75, 0x00, 0x00, 0x00, 0x00, 0x00, 0x00,
    0x00, 0x00, 0x00, 0x00, 0x03, 0x00, 0x00, 0x00, 0x88, 0x12, 0x00, 0x00, 0x00, 0x00, 0x00, 0x00,
    0x00, 0x00, 0x00, 0x00, 0xFF, 0xFF, 0x00, 0x00, 0x33, 0x75, 0x00, 0x00, 0x00, 0x00, 0x00, 0x00,
    0x00, 0x00, 0x00, 0x00, 0x03, 0x00, 0x00, 0x00, 0x74, 0x12, 0x00, 0x00, 0x00, 0x00, 0x00, 0x00,
    0x00, 0x00, 0x00, 0x00, 0xFF, 0xFF, 0x00, 0x00, 0x33, 0x75, 0x00, 0x00, 0x00, 0x00, 0x00, 0x00,
    0x00, 0x00, 0x00, 0x00, 0x03, 0x00, 0x00, 0x00, 0x60, 0x12, 0x00, 0x00, 0x00, 0x00, 0x00, 0x00,
    0x00, 0x00, 0x00, 0x00, 0xFF, 0xFF, 0x00, 0x00, 0x33, 0x75, 0x00, 0x00, 0x00, 0x00, 0x00, 0x00,
    0x00, 0x00, 0x00, 0x00, 0x03, 0x00, 0x00, 0x00, 0x4C, 0x12, 0x00, 0x00, 0x00, 0x00, 0x00, 0x00,
    0x00, 0x00, 0x00, 0x00, 0xFF, 0xFF, 0x00, 0x00, 0x09, 0x04, 0x00, 0x00, 0x00, 0x00, 0x00, 0x00,
    0x00, 0x00, 0x00, 0x00, 0x08, 0x00, 0x00, 0x00, 0x38, 0x12, 0x00, 0x00, 0x00, 0x00, 0x00, 0x00,
    0x00, 0x00, 0x00, 0x00, 0xFF, 0xFF, 0x00, 0x00, 0x10, 0x00, 0x01, 0x00, 0x51, 0x00, 0x00, 0x00,
    0x30, 0x75, 0x00, 0x00, 0x00, 0x00, 0x00, 0x00, 0x00, 0x00, 0x00, 0x00, 0x03, 0x00, 0x00, 0x00,
    0x30, 0x12, 0x00, 0x00, 0x00, 0x00, 0x00, 0x00, 0x00, 0x00, 0x00, 0x00, 0xFF, 0xFF, 0x00, 0x00,
    0x31, 0x75, 0x00, 0x00, 0x00, 0x00, 0x00, 0x00, 0x00, 0x00, 0x00, 0x00, 0x03, 0x00, 0x00, 0x00,
    0x1C, 0x12, 0x00, 0x00, 0x00, 0x00, 0x00, 0x00, 0x00, 0x00, 0x00, 0x00, 0xFF, 0xFF, 0x00, 0x00,
    0x33, 0x75, 0x00, 0x00, 0x00, 0x00, 0x00, 0x00, 0x00, 0x00, 0x00, 0x00, 0x03, 0x00, 0x00, 0x00,
    0x08, 0x12, 0x00, 0x00, 0x00, 0x00, 0x00, 0x00, 0x00, 0x00, 0x00, 0x00, 0xFF, 0xFF, 0x00, 0x00,
    0x33, 0x75, 0x00, 0x00, 0x00, 0x00, 0x00, 0x00, 0x00, 0x00, 0x00, 0x00, 0x03, 0x00, 0x00, 0x00,
    0xF4, 0x11, 0x00, 0x00, 0x00, 0x00, 0x00, 0x00, 0x00, 0x00, 0x00, 0x00, 0xFF, 0xFF, 0x00, 0x00,
    0x33, 0x75, 0x00, 0x00, 0x00, 0x00, 0x00, 0x00, 0x00, 0x00, 0x00, 0x00, 0x03, 0x00, 0x00, 0x00,
    0xE0, 0x11, 0x00, 0x00, 0x00, 0x00, 0x00, 0x00, 0x00, 0x00, 0x00, 0x00, 0xFF, 0xFF, 0x00, 0x00,
    0x33, 0x75, 0x00, 0x00, 0x00, 0x00, 0x00, 0x00, 0x00, 0x00, 0x00, 0x00, 0x03, 0x00, 0x00, 0x00,
    0xCC, 0x11, 0x00, 0x00, 0x00, 0x00, 0x00, 0x00, 0x00, 0x00, 0x00, 0x00, 0xFF, 0xFF, 0x00, 0x00,
    0x33, 0x75, 0x00, 0x00, 0x00, 0x00, 0x00, 0x00, 0x00, 0x00, 0x00, 0x00, 0x04, 0x00, 0x00, 0x00,
    0xB8, 0x11, 0x00, 0x00, 0x00, 0x00, 0x00, 0x00, 0x00, 0x00, 0x00, 0x00, 0xFF, 0xFF, 0x00, 0x00,
    0x32, 0x75, 0x00, 0x00, 0x00, 0x00, 0x00, 0x00, 0x00, 0x00, 0x00, 0x00, 0x03, 0x00, 0x00, 0x00,
    0xA8, 0x11, 0x00, 0x00, 0x00, 0x00, 0x00, 0x00, 0x00, 0x00, 0x00, 0x00, 0xFF, 0xFF, 0x00, 0x00,
    0x33, 0x75, 0x00, 0x00, 0x00, 0x00, 0x00, 0x00, 0x00, 0x00, 0x00, 0x00, 0x04, 0x00, 0x00, 0x00,
    0x94, 0x11, 0x00, 0x00, 0x00, 0x00, 0x00, 0x00, 0x00, 0x00, 0x00, 0x00, 0xFF, 0xFF, 0x00, 0x00,
    0x33, 0x75, 0x00, 0x00, 0x00, 0x00, 0x00, 0x00, 0x00, 0x00, 0x00, 0x00, 0x04, 0x00, 0x00, 0x00,
    0x84, 0x11, 0x00, 0x00, 0x00, 0x00, 0x00, 0x00, 0x00, 0x00, 0x00, 0x00, 0xFF, 0xFF, 0x00, 0x00,
    0x00, 0x00, 0x00, 0x00, 0x0E, 0x00, 0x00, 0x00, 0x00, 0x00, 0x00, 0x00, 0x78, 0x11, 0x00, 0x00,
    0x00, 0x00, 0x00, 0x00, 0x32, 0x75, 0x00, 0x00, 0x00, 0x00, 0x00, 0x00, 0x00, 0x00, 0x00, 0x00,
    0x03, 0x00, 0x00, 0x00, 0x64, 0x11, 0x00, 0x00, 0x00, 0x00, 0x00, 0x00, 0x00, 0x00, 0x00, 0x00,
    0xFF, 0xFF, 0x00, 0x00, 0x33, 0x75, 0x00, 0x00, 0x00, 0x00, 0x00, 0x00, 0x00, 0x00, 0x00, 0x00,
    0x04, 0x00, 0x00, 0x00, 0x50, 0x11, 0x00, 0x00, 0x00, 0x00, 0x00, 0x00, 0x00, 0x00, 0x00, 0x00,
    0xFF, 0xFF, 0x00, 0x00, 0x32, 0x75, 0x00, 0x00, 0x00, 0x00, 0x00, 0x00, 0x00, 0x00, 0x00, 0x00,
    0x03, 0x00, 0x00, 0x00, 0x40, 0x11, 0x00, 0x00, 0x00, 0x00, 0x00, 0x00, 0x00, 0x00, 0x00, 0x00,
    0xFF, 0xFF, 0x00, 0x00, 0x33, 0x75, 0x00, 0x00, 0x00, 0x00, 0x00, 0x00, 0x00, 0x00, 0x00, 0x00,
    0x04, 0x00, 0x00, 0x00, 0x2C, 0x11, 0x00, 0x00, 0x00, 0x00, 0x00, 0x00, 0x00, 0x00, 0x00, 0x00,
    0xFF, 0xFF, 0x00, 0x00, 0x35, 0x75, 0x00, 0x00, 0x00, 0x00, 0x00, 0x00, 0x00, 0x00, 0x00, 0x00,
    0x03, 0x00, 0x00, 0x00, 0x1C, 0x11, 0x00, 0x00, 0x00, 0x00, 0x00, 0x00, 0x00, 0x00, 0x00, 0x00,
    0xFF, 0xFF, 0x00, 0x00, 0x33, 0x75, 0x00, 0x00, 0x00, 0x00, 0x00, 0x00, 0x00, 0x00, 0x00, 0x00,
    0x03, 0x00, 0x00, 0x00, 0x08, 0x11, 0x00, 0x00, 0x00, 0x00, 0x00, 0x00, 0x00, 0x00, 0x00, 0x00,
    0xFF, 0xFF, 0x00, 0x00, 0x0E, 0x00, 0x00, 0x00, 0x00, 0x00, 0x00, 0x00, 0xFC, 0x10, 0x00, 0x00,
    0x00, 0x00, 0x00, 0x00, 0x0E, 0x00, 0x00, 0x00, 0x00, 0x00, 0x00, 0x00, 0xF0, 0x10, 0x00, 0x00,
    0x00, 0x00, 0x00, 0x00, 0x0E, 0x00, 0x00, 0x00, 0x00, 0x00, 0x00, 0x00, 0xE4, 0x10, 0x00, 0x00,
    0x00, 0x00, 0x00, 0x00, 0x33, 0x75, 0x00, 0x00, 0x00, 0x00, 0x00, 0x00, 0x00, 0x00, 0x00, 0x00,
    0x04, 0x00, 0x00, 0x00, 0xD0, 0x10, 0x00, 0x00, 0x00, 0x00, 0x00, 0x00, 0x00, 0x00, 0x00, 0x00,
    0xFF, 0xFF, 0x00, 0x00, 0x32, 0x75, 0x00, 0x00, 0x00, 0x00, 0x00, 0x00, 0x00, 0x00, 0x00, 0x00,
    0x03, 0x00, 0x00, 0x00, 0xC0, 0x10, 0x00, 0x00, 0x00, 0x00, 0x00, 0x00, 0x00, 0x00, 0x00, 0x00,
    0xFF, 0xFF, 0x00, 0x00, 0x33, 0x75, 0x00, 0x00, 0x00, 0x00, 0x00, 0x00, 0x00, 0x00, 0x00, 0x00,
    0x04, 0x00, 0x00, 0x00, 0xAC, 0x10, 0x00, 0x00, 0x00, 0x00, 0x00, 0x00, 0x00, 0x00, 0x00, 0x00,
    0xFF, 0xFF, 0x00, 0x00, 0x33, 0x75, 0x00, 0x00, 0x00, 0x00, 0x00, 0x00, 0x00, 0x00, 0x00, 0x00,
    0x04, 0x00, 0x00, 0x00, 0x9C, 0x10, 0x00, 0x00, 0x00, 0x00, 0x00, 0x00, 0x00, 0x00, 0x00, 0x00,
    0xFF, 0xFF, 0x00, 0x00, 0x33, 0x75, 0x00, 0x00, 0x00, 0x00, 0x00, 0x00, 0x00, 0x00, 0x00, 0x00,
    0x04, 0x00, 0x00, 0x00, 0x8C, 0x10, 0x00, 0x00, 0x00, 0x00, 0x00, 0x00, 0x00, 0x00, 0x00, 0x00,
    0xFF, 0xFF, 0x00, 0x00, 0x0E, 0x00, 0x00, 0x00, 0x00, 0x00, 0x00, 0x00, 0x84, 0x10, 0x00, 0x00,
    0x00, 0x00, 0x00, 0x00, 0x0E, 0x00, 0x00, 0x00, 0x00, 0x00, 0x00, 0x00, 0x78, 0x10, 0x00, 0x00,
    0x00, 0x00, 0x00, 0x00, 0x0E, 0x00, 0x00, 0x00, 0x00, 0x00, 0x00, 0x00, 0x6C, 0x10, 0x00, 0x00,
    0x00, 0x00, 0x00, 0x00, 0x07, 0x00, 0x00, 0x00, 0x00, 0x00, 0x00, 0x00, 0x00, 0x00, 0x00, 0x00,
    0x00, 0x00, 0x00, 0x00, 0x0E, 0x00, 0x00, 0x00, 0x00, 0x00, 0x00, 0x00, 0x50, 0x10, 0x00, 0x00,
    0x00, 0x00, 0x00, 0x00, 0x33, 0x75, 0x00, 0x00, 0x00, 0x00, 0x00, 0x00, 0x00, 0x00, 0x00, 0x00,
    0x03, 0x00, 0x00, 0x00, 0x3C, 0x10, 0x00, 0x00, 0x00, 0x00, 0x00, 0x00, 0x00, 0x00, 0x00, 0x00,
    0xFF, 0xFF, 0x00, 0x00, 0x32, 0x75, 0x00, 0x00, 0x00, 0x00, 0x00, 0x00, 0x00, 0x00, 0x00, 0x00,
    0x03, 0x00, 0x00, 0x00, 0x28, 0x10, 0x00, 0x00, 0x00, 0x00, 0x00, 0x00, 0x00, 0x00, 0x00, 0x00,
    0xFF, 0xFF, 0x00, 0x00, 0x38, 0x75, 0x00, 0x00, 0x00, 0x00, 0x00, 0x00, 0x00, 0x00, 0x00, 0x00,
    0x03, 0x00, 0x00, 0x00, 0x14, 0x10, 0x00, 0x00, 0x00, 0x00, 0x00, 0x00, 0x00, 0x00, 0x00, 0x00,
    0xFF, 0xFF, 0x00, 0x00, 0xF6, 0x03, 0x00, 0x00, 0x01, 0x00, 0x00, 0x00, 0x08, 0x10, 0x00, 0x00,
    0x01, 0x00, 0x00, 0x00, 0x04, 0x10, 0x00, 0x00, 0x01, 0x00, 0x00, 0x00, 0x00, 0x10, 0x00, 0x00,
    0xFF, 0xFF, 0x00, 0x00, 0x14, 0x04, 0x00, 0x00, 0x00, 0x00, 0x00, 0x00, 0x00, 0x00, 0x00, 0x00,
    0x00, 0x00, 0x00, 0x00, 0x00, 0x00, 0x00, 0x00, 0x01, 0x00, 0x00, 0x00, 0xE4, 0x0F, 0x00, 0x00,
    0xFF, 0xFF, 0x00, 0x00, 0x01, 0x00, 0x00, 0x00, 0xDC, 0x0F, 0x00, 0x00, 0x14, 0x04, 0x00, 0x00,
    0x01, 0x00, 0x00, 0x00, 0xD4, 0x0F, 0x00, 0x00, 0x00, 0x00, 0x00, 0x00, 0x00, 0x00, 0x00, 0x00,
    0x01, 0x00, 0x00, 0x00, 0xC8, 0x0F, 0x00, 0x00, 0xFF, 0xFF, 0x00, 0x00, 0x01, 0x00, 0x00, 0x00,
    0xC0, 0x0F, 0x00, 0x00, 0x01, 0x00, 0x00, 0x00, 0x00, 0x00, 0x00, 0x00, 0x00, 0x00, 0x00, 0x00,
    0x00, 0x00, 0x00, 0x00, 0xB0, 0x0F, 0x00, 0x00, 0xB0, 0x0F, 0x00, 0x00, 0xB0, 0x0F, 0x00, 0x00,
    0xB0, 0x0F, 0x00, 0x00, 0xB0, 0x0F, 0x00, 0x00, 0xB0, 0x0F, 0x00, 0x00, 0xB0, 0x0F, 0x00, 0x00,
    0xB0, 0x0F, 0x00, 0x00, 0xB0, 0x0F, 0x00, 0x00, 0xB0, 0x0F, 0x00, 0x00, 0xB0, 0x0F, 0x00, 0x00,
    0xB0, 0x0F, 0x00, 0x00, 0xB8, 0x0F, 0x00, 0x00, 0xB8, 0x0F, 0x00, 0x00, 0xB8, 0x0F, 0x00, 0x00,
    0xB8, 0x0F, 0x00, 0x00, 0xB8, 0x0F, 0x00, 0x00, 0xB8, 0x0F, 0x00, 0x00, 0xB8, 0x0F, 0x00, 0x00,
    0xC0, 0x0F, 0x00, 0x00, 0xC0, 0x0F, 0x00, 0x00, 0xC0, 0x0F, 0x00, 0x00, 0xC0, 0x0F, 0x00, 0x00,
    0xC0, 0x0F, 0x00, 0x00, 0xC0, 0x0F, 0x00, 0x00, 0xC0, 0x0F, 0x00, 0x00, 0xC0, 0x0F, 0x00, 0x00,
    0xC0, 0x0F, 0x00, 0x00, 0xC0, 0x0F, 0x00, 0x00, 0xC0, 0x0F, 0x00, 0x00, 0xC0, 0x0F, 0x00, 0x00,
    0xC0, 0x0F, 0x00, 0x00, 0xC0, 0x0F, 0x00, 0x00, 0xC8, 0x0F, 0x00, 0x00, 0xC8, 0x0F, 0x00, 0x00,
    0xC8, 0x0F, 0x00, 0x00, 0xC8, 0x0F, 0x00, 0x00, 0xC8, 0x0F, 0x00, 0x00, 0xC8, 0x0F, 0x00, 0x00,
    0xC8, 0x0F, 0x00, 0x00, 0xC8, 0x0F, 0x00, 0x00, 0xC8, 0x0F, 0x00, 0x00, 0xC8, 0x0F, 0x00, 0x00,
    0xC8, 0x0F, 0x00, 0x00, 0xC8, 0x0F, 0x00, 0x00, 0xC8, 0x0F, 0x00, 0x00, 0xC8, 0x0F, 0x00, 0x00,
    0xD0, 0x0F, 0x00, 0x00, 0xD0, 0x0F, 0x00, 0x00, 0xD0, 0x0F, 0x00, 0x00, 0xD0, 0x0F, 0x00, 0x00,
    0xD0, 0x0F, 0x00, 0x00, 0xD0, 0x0F, 0x00, 0x00, 0xD0, 0x0F, 0x00, 0x00, 0xD0, 0x0F, 0x00, 0x00,
    0xD0, 0x0F, 0x00, 0x00, 0xD0, 0x0F, 0x00, 0x00, 0xD0, 0x0F, 0x00, 0x00, 0xD0, 0x0F, 0x00, 0x00,
    0xD0, 0x0F, 0x00, 0x00, 0xD0, 0x0F, 0x00, 0x00, 0xD8, 0x0F, 0x00, 0x00, 0xD8, 0x0F, 0x00, 0x00,
    0xD8, 0x0F, 0x00, 0x00, 0xD8, 0x0F, 0x00, 0x00, 0xD8, 0x0F, 0x00, 0x00, 0xD8, 0x0F, 0x00, 0x00,
    0xD8, 0x0F, 0x00, 0x00, 0xD8, 0x0F, 0x00, 0x00, 0xD8, 0x0F, 0x00, 0x00, 0xD8, 0x0F, 0x00, 0x00,
    0xD8, 0x0F, 0x00, 0x00, 0xD8, 0x0F, 0x00, 0x00, 0xD8, 0x0F, 0x00, 0x00, 0xD8, 0x0F, 0x00, 0x00,
    0xE0, 0x0F, 0x00, 0x00, 0xE0, 0x0F, 0x00, 0x00, 0xE0, 0x0F, 0x00, 0x00, 0xE0, 0x0F, 0x00, 0x00,
    0xE0, 0x0F, 0x00, 0x00, 0xE0, 0x0F, 0x00, 0x00, 0xE0, 0x0F, 0x00, 0x00, 0xE0, 0x0F, 0x00, 0x00,
    0xE0, 0x0F, 0x00, 0x00, 0xE0, 0x0F, 0x00, 0x00, 0xE0, 0x0F, 0x00, 0x00, 0xE0, 0x0F, 0x00, 0x00,
    0xE0, 0x0F, 0x00, 0x00, 0xE0, 0x0F, 0x00, 0x00, 0xE8, 0x0F, 0x00, 0x00, 0xE8, 0x0F, 0x00, 0x00,
    0xE8, 0x0F, 0x00, 0x00, 0xE8, 0x0F, 0x00, 0x00, 0xE8, 0x0F, 0x00, 0x00, 0xE8, 0x0F, 0x00, 0x00,
    0xE8, 0x0F, 0x00, 0x00, 0xE8, 0x0F, 0x00, 0x00, 0xE8, 0x0F, 0x00, 0x00, 0xE8, 0x0F, 0x00, 0x00,
    0xE8, 0x0F, 0x00, 0x00, 0xE8, 0x0F, 0x00, 0x00, 0xE8, 0x0F, 0x00, 0x00, 0xE8, 0x0F, 0x00, 0x00,
    0xF0, 0x0F, 0x00, 0x00, 0xF0, 0x0F, 0x00, 0x00, 0xF0, 0x0F, 0x00, 0x00, 0xF0, 0x0F, 0x00, 0x00,
    0xF0, 0x0F, 0x00, 0x00, 0xF0, 0x0F, 0x00, 0x00, 0xF0, 0x0F, 0x00, 0x00, 0xF0, 0x0F, 0x00, 0x00,
    0xF0, 0x0F, 0x00, 0x00, 0xF0, 0x0F, 0x00, 0x00, 0xF0, 0x0F, 0x00, 0x00, 0xF0, 0x0F, 0x00, 0x00,
    0xF0, 0x0F, 0x00, 0x00, 0xF0, 0x0F, 0x00, 0x00, 0xF8, 0x0F, 0x00, 0x00, 0xF8, 0x0F, 0x00, 0x00,
    0xF8, 0x0F, 0x00, 0x00, 0xF8, 0x0F, 0x00, 0x00, 0xF8, 0x0F, 0x00, 0x00, 0xF8, 0x0F, 0x00, 0x00,
    0xF8, 0x0F, 0x00, 0x00, 0xF8, 0x0F, 0x00, 0x00, 0xF8, 0x0F, 0x00, 0x00, 0xF8, 0x0F, 0x00, 0x00,
    0xF8, 0x0F, 0x00, 0x00, 0xF8, 0x0F, 0x00, 0x00, 0xF8, 0x0F, 0x00, 0x00, 0xF8, 0x0F, 0x00, 0x00,
    0x00, 0x10, 0x00, 0x00, 0x00, 0x10, 0x00, 0x00, 0x00, 0x10, 0x00, 0x00, 0x00, 0x10, 0x00, 0x00,
    0x00, 0x10, 0x00, 0x00, 0x00, 0x10, 0x00, 0x00, 0x00, 0x10, 0x00, 0x00, 0x00, 0x10, 0x00, 0x00,
    0x00, 0x10, 0x00, 0x00, 0x00, 0x10, 0x00, 0x00, 0x06, 0x00, 0x00, 0x00, 0xFC, 0x0F, 0x00, 0x00,
    0x04, 0x10, 0x00, 0x00, 0x05, 0x00, 0x00, 0x00, 0x08, 0x10, 0x00, 0x00, 0x10, 0x10, 0x00, 0x00,
    0x07, 0x00, 0x00, 0x00, 0x14, 0x10, 0x00, 0x00, 0x1C, 0x10, 0x00, 0x00, 0x03, 0x00, 0x00, 0x00,
    0x20, 0x10, 0x00, 0x00, 0x28, 0x10, 0x00, 0x00, 0x02, 0x00, 0x00, 0x00, 0x2C, 0x10, 0x00, 0x00,
    0x34, 0x10, 0x00, 0x00, 0x00, 0x00, 0x00, 0x00, 0x38, 0x10, 0x00, 0x00, 0x40, 0x10, 0x00, 0x00,
    0x01, 0x00, 0x00, 0x00, 0x44, 0x10, 0x00, 0x00, 0x4C, 0x10, 0x00, 0x00, 0x09, 0x00, 0x00, 0x00,
    0x50, 0x10, 0x00, 0x00, 0x58, 0x10, 0x00, 0x00, 0x08, 0x00, 0x00, 0x00, 0x5C, 0x10, 0x00, 0x00,
    0x64, 0x10, 0x00, 0x00, 0x04, 0x00, 0x00, 0x00, 0x68, 0x10, 0x00, 0x00, 0x70, 0x10, 0x00, 0x00,
    0x4D, 0x61, 0x69, 0x6E, 0x20, 0x4D, 0x65, 0x6E, 0x75, 0x00, 0x00, 0x00, 0x6C, 0x10, 0x00, 0x00,
    0x6C, 0x10, 0x00, 0x00, 0x6C, 0x10, 0x00, 0x00, 0x6C, 0x10, 0x00, 0x00, 0x6C, 0x10, 0x00, 0x00,
    0x6C, 0x10, 0x00, 0x00, 0x6C, 0x10, 0x00, 0x00, 0x6C, 0x10, 0x00, 0x00, 0x6C, 0x10, 0x00, 0x00,
    0x6C, 0x10, 0x00, 0x00, 0x6C, 0x10, 0x00, 0x00, 0x6C, 0x10, 0x00, 0x00, 0x6C, 0x10, 0x00, 0x00,
    0x6C, 0x10, 0x00, 0x00, 0x6C, 0x10, 0x00, 0x00, 0x6C, 0x10, 0x00, 0x00, 0x74, 0x10, 0x00, 0x00,
    0x74, 0x10, 0x00, 0x00, 0x74, 0x10, 0x00, 0x00, 0x74, 0x10, 0x00, 0x00, 0x78, 0x10, 0x00, 0x00,
    0x78, 0x10, 0x00, 0x00, 0x78, 0x10, 0x00, 0x00, 0x00, 0x00, 0x00, 0x00, 0x74, 0x10, 0x00, 0x00,
    0x7C, 0x10, 0x00, 0x00, 0x84, 0x10, 0x00, 0x00, 0x84, 0x10, 0x00, 0x00, 0x84, 0x10, 0x00, 0x00,
    0x84, 0x10, 0x00, 0x00, 0x84, 0x10, 0x00, 0x00, 0x84, 0x10, 0x00, 0x00, 0x84, 0x10, 0x00, 0x00,
    0x8C, 0x10, 0x00, 0x00, 0x94, 0x10, 0x00, 0x00, 0x94, 0x10, 0x00, 0x00, 0x94, 0x10, 0x00, 0x00,
    0x94, 0x10, 0x00, 0x00, 0x94, 0x10, 0x00, 0x00, 0x94, 0x10, 0x00, 0x00, 0x94, 0x10, 0x00, 0x00,
    0x94, 0x10, 0x00, 0x00, 0x94, 0x10, 0x00, 0x00, 0x94, 0x10, 0x00, 0x00, 0x9C, 0x10, 0x00, 0x00,
    0x9C, 0x10, 0x00, 0x00, 0x9C, 0x10, 0x00, 0x00, 0x9C, 0x10, 0x00, 0x00, 0x9C, 0x10, 0x00, 0x00,
    0x9C, 0x10, 0x00, 0x00, 0x9C, 0x10, 0x00, 0x00, 0x9C, 0x10, 0x00, 0x00, 0x9C, 0x10, 0x00, 0x00,
    0x9C, 0x10, 0x00, 0x00, 0x9C, 0x10, 0x00, 0x00, 0x9C, 0x10, 0x00, 0x00, 0x9C, 0x10, 0x00, 0x00,
    0x9C, 0x10, 0x00, 0x00, 0x9C, 0x10, 0x00, 0x00, 0x9C, 0x10, 0x00, 0x00, 0x9C, 0x10, 0x00, 0x00,
    0x9C, 0x10, 0x00, 0x00, 0x9C, 0x10, 0x00, 0x00, 0x9C, 0x10, 0x00, 0x00, 0xAC, 0x10, 0x00, 0x00,
    0xAC, 0x10, 0x00, 0x00, 0xAC, 0x10, 0x00, 0x00, 0xAC, 0x10, 0x00, 0x00, 0xAC, 0x10, 0x00, 0x00,
    0xAC, 0x10, 0x00, 0x00, 0xAC, 0x10, 0x00, 0x00, 0xAC, 0x10, 0x00, 0x00, 0xAC, 0x10, 0x00, 0x00,
    0xAC, 0x10, 0x00, 0x00, 0xAC, 0x10, 0x00, 0x00, 0xAC, 0x10, 0x00, 0x00, 0xAC, 0x10, 0x00, 0x00,
    0xAC, 0x10, 0x00, 0x00, 0xAC, 0x10, 0x00, 0x00, 0xAC, 0x10, 0x00, 0x00, 0xAC, 0x10, 0x00, 0x00,
    0xAC, 0x10, 0x00, 0x00, 0xAC, 0x10, 0x00, 0x00, 0xAC, 0x10, 0x00, 0x00, 0xAC, 0x10, 0x00, 0x00,
    0xAC, 0x10, 0x00, 0x00, 0xAC, 0x10, 0x00, 0x00, 0xAC, 0x10, 0x00, 0x00, 0xAC, 0x10, 0x00, 0x00,
    0xAC, 0x10, 0x00, 0x00, 0xAC, 0x10, 0x00, 0x00, 0xAC, 0x10, 0x00, 0x00, 0xAC, 0x10, 0x00, 0x00,
    0xAC, 0x10, 0x00, 0x00, 0xAC, 0x10, 0x00, 0x00, 0xAC, 0x10, 0x00, 0x00, 0xAC, 0x10, 0x00, 0x00,
    0xAC, 0x10, 0x00, 0x00, 0xAC, 0x10, 0x00, 0x00, 0xAC, 0x10, 0x00, 0x00, 0xAC, 0x10, 0x00, 0x00,
    0xAC, 0x10, 0x00, 0x00, 0xAC, 0x10, 0x00, 0x00, 0xAC, 0x10, 0x00, 0x00, 0xAC, 0x10, 0x00, 0x00,
    0xAC, 0x10, 0x00, 0x00, 0xAC, 0x10, 0x00, 0x00, 0xB4, 0x10, 0x00, 0x00, 0xB4, 0x10, 0x00, 0x00,
    0xB4, 0x10, 0x00, 0x00, 0xB4, 0x10, 0x00, 0x00, 0x00, 0x00, 0x00, 0x00, 0xB4, 0x10, 0x00, 0x00,
    0xBC, 0x10, 0x00, 0x00, 0x01, 0x00, 0x00, 0x00, 0xC0, 0x10, 0x00, 0x00, 0xC8, 0x10, 0x00, 0x00,
    0xD0, 0x10, 0x00, 0x00, 0xD8, 0x10, 0x00, 0x00, 0xE0, 0x10, 0x00, 0x00, 0xE0, 0x10, 0x00, 0x00,
    0xE0, 0x10, 0x00, 0x00, 0xE0, 0x10, 0x00, 0x00, 0xE0, 0x10, 0x00, 0x00, 0xE0, 0x10, 0x00, 0x00,
    0xE0, 0x10, 0x00, 0x00, 0xE0, 0x10, 0x00, 0x00, 0xE0, 0x10, 0x00, 0x00, 0xE0, 0x10, 0x00, 0x00,
    0xE0, 0x10, 0x00, 0x00, 0xE0, 0x10, 0x00, 0x00, 0xE0, 0x10, 0x00, 0x00, 0xE0, 0x10, 0x00, 0x00,
    0xE0, 0x10, 0x00, 0x00, 0xE0, 0x10, 0x00, 0x00, 0xE0, 0x10, 0x00, 0x00, 0xE0, 0x10, 0x00, 0x00,
    0xE0, 0x10, 0x00, 0x00, 0xE0, 0x10, 0x00, 0x00, 0xE0, 0x10, 0x00, 0x00, 0xE0, 0x10, 0x00, 0x00,
    0xE0, 0x10, 0x00, 0x00, 0xE0, 0x10, 0x00, 0x00, 0xE0, 0x10, 0x00, 0x00, 0xE0, 0x10, 0x00, 0x00,
    0xE0, 0x10, 0x00, 0x00, 0xE0, 0x10, 0x00, 0x00, 0xE0, 0x10, 0x00, 0x00, 0xE0, 0x10, 0x00, 0x00,
    0xE0, 0x10, 0x00, 0x00, 0xE0, 0x10, 0x00, 0x00, 0xE0, 0x10, 0x00, 0x00, 0xE0, 0x10, 0x00, 0x00,
    0xE0, 0x10, 0x00, 0x00, 0xE0, 0x10, 0x00, 0x00, 0xE0, 0x10, 0x00, 0x00, 0xE0, 0x10, 0x00, 0x00,
    0xE0, 0x10, 0x00, 0x00, 0xE0, 0x10, 0x00, 0x00, 0xE0, 0x10, 0x00, 0x00, 0xE0, 0x10, 0x00, 0x00,
    0xE0, 0x10, 0x00, 0x00, 0xE0, 0x10, 0x00, 0x00, 0xE0, 0x10, 0x00, 0x00, 0xE0, 0x10, 0x00, 0x00,
    0xE0, 0x10, 0x00, 0x00, 0xE0, 0x10, 0x00, 0x00, 0xE0, 0x10, 0x00, 0x00, 0xE0, 0x10, 0x00, 0x00,
    0xE0, 0x10, 0x00, 0x00, 0xE0, 0x10, 0x00, 0x00, 0xE0, 0x10, 0x00, 0x00, 0xE0, 0x10, 0x00, 0x00,
    0xE0, 0x10, 0x00, 0x00, 0xE0, 0x10, 0x00, 0x00, 0xE0, 0x10, 0x00, 0x00, 0xE0, 0x10, 0x00, 0x00,
    0xE0, 0x10, 0x00, 0x00, 0xE0, 0x10, 0x00, 0x00, 0xE0, 0x10, 0x00, 0x00, 0xE0, 0x10, 0x00, 0x00,
    0xE0, 0x10, 0x00, 0x00, 0xE0, 0x10, 0x00, 0x00, 0xE0, 0x10, 0x00, 0x00, 0xE0, 0x10, 0x00, 0x00,
    0xE8, 0x10, 0x00, 0x00, 0xF0, 0x10, 0x00, 0x00, 0xF0, 0x10, 0x00, 0x00, 0xF0, 0x10, 0x00, 0x00,
    0xF0, 0x10, 0x00, 0x00, 0xF0, 0x10, 0x00, 0x00, 0xF0, 0x10, 0x00, 0x00, 0xF0, 0x10, 0x00, 0x00,
    0xF0, 0x10, 0x00, 0x00, 0xF0, 0x10, 0x00, 0x00, 0xF0, 0x10, 0x00, 0x00, 0xF0, 0x10, 0x00, 0x00,
    0xF0, 0x10, 0x00, 0x00, 0xF0, 0x10, 0x00, 0x00, 0xF0, 0x10, 0x00, 0x00, 0xF0, 0x10, 0x00, 0x00,
    0xF0, 0x10, 0x00, 0x00, 0xF0, 0x10, 0x00, 0x00, 0xF0, 0x10, 0x00, 0x00, 0xF0, 0x10, 0x00, 0x00,
    0xF0, 0x10, 0x00, 0x00, 0xF0, 0x10, 0x00, 0x00, 0xF0, 0x10, 0x00, 0x00, 0xF0, 0x10, 0x00, 0x00,
    0xF0, 0x10, 0x00, 0x00, 0xF0, 0x10, 0x00, 0x00, 0xF0, 0x10, 0x00, 0x00, 0xF0, 0x10, 0x00, 0x00,
    0xF0, 0x10, 0x00, 0x00, 0xF4, 0x10, 0x00, 0x00, 0xF4, 0x10, 0x00, 0x00, 0xF4, 0x10, 0x00, 0x00,
    0xF4, 0x10, 0x00, 0x00, 0xF4, 0x10, 0x00, 0x00, 0xF4, 0x10, 0x00, 0x00, 0xF4, 0x10, 0x00, 0x00,
    0xF4, 0x10, 0x00, 0x00, 0xF4, 0x10, 0x00, 0x00, 0xF4, 0x10, 0x00, 0x00, 0xF8, 0x10, 0x00, 0x00,
    0xF8, 0x10, 0x00, 0x00, 0xF8, 0x10, 0x00, 0x00, 0xF8, 0x10, 0x00, 0x00, 0xF8, 0x10, 0x00, 0x00,
    0xF8, 0x10, 0x00, 0x00, 0xF8, 0x10, 0x00, 0x00, 0xF8, 0x10, 0x00, 0x00, 0xF8, 0x10, 0x00, 0x00,
    0xF8, 0x10, 0x00, 0x00, 0xFC, 0x10, 0x00, 0x00, 0xFC, 0x10, 0x00, 0x00, 0xFC, 0x10, 0x00, 0x00,
    0xFC, 0x10, 0x00, 0x00, 0xFC, 0x10, 0x00, 0x00, 0xFC, 0x10, 0x00, 0x00, 0xFC, 0x10, 0x00, 0x00,
    0xFC, 0x10, 0x00, 0x00, 0xFC, 0x10, 0x00, 0x00, 0xFC, 0x10, 0x00, 0x00, 0x00, 0x11, 0x00, 0x00,
    0x00, 0x11, 0x00, 0x00, 0x00, 0x11, 0x00, 0x00, 0x00, 0x11, 0x00, 0x00, 0x00, 0x11, 0x00, 0x00,
    0x00, 0x11, 0x00, 0x00, 0x00, 0x11, 0x00, 0x00, 0x00, 0x11, 0x00, 0x00, 0x00, 0x11, 0x00, 0x00,
    0x00, 0x11, 0x00, 0x00, 0x00, 0x11, 0x00, 0x00, 0x00, 0x11, 0x00, 0x00, 0x00, 0x11, 0x00, 0x00,
    0x00, 0x11, 0x00, 0x00, 0x00, 0x11, 0x00, 0x00, 0x00, 0x11, 0x00, 0x00, 0x00, 0x11, 0x00, 0x00,
    0x00, 0x11, 0x00, 0x00, 0x00, 0x11, 0x00, 0x00, 0x00, 0x11, 0x00, 0x00, 0x00, 0x11, 0x00, 0x00,
    0x00, 0x11, 0x00, 0x00, 0x00, 0x11, 0x00, 0x00, 0x00, 0x11, 0x00, 0x00, 0x00, 0x11, 0x00, 0x00,
    0x00, 0x11, 0x00, 0x00, 0x00, 0x11, 0x00, 0x00, 0x00, 0x11, 0x00, 0x00, 0x00, 0x11, 0x00, 0x00,
    0x00, 0x11, 0x00, 0x00, 0x00, 0x11, 0x00, 0x00, 0x00, 0x11, 0x00, 0x00, 0x00, 0x11, 0x00, 0x00,
    0x00, 0x11, 0x00, 0x00, 0x00, 0x11, 0x00, 0x00, 0x00, 0x11, 0x00, 0x00, 0x00, 0x11, 0x00, 0x00,
    0x00, 0x11, 0x00, 0x00, 0x00, 0x11, 0x00, 0x00, 0x00, 0x11, 0x00, 0x00, 0x00, 0x11, 0x00, 0x00,
    0x00, 0x11, 0x00, 0x00, 0x00, 0x11, 0x00, 0x00, 0x00, 0x11, 0x00, 0x00, 0x00, 0x11, 0x00, 0x00,
    0x00, 0x11, 0x00, 0x00, 0x00, 0x11, 0x00, 0x00, 0x00, 0x11, 0x00, 0x00, 0x00, 0x11, 0x00, 0x00,
    0x00, 0x11, 0x00, 0x00, 0x00, 0x11, 0x00, 0x00, 0x00, 0x11, 0x00, 0x00, 0x00, 0x11, 0x00, 0x00,
    0x00, 0x11, 0x00, 0x00, 0x00, 0x11, 0x00, 0x00, 0x00, 0x11, 0x00, 0x00, 0x00, 0x11, 0x00, 0x00,
    0x00, 0x11, 0x00, 0x00, 0x00, 0x11, 0x00, 0x00, 0x00, 0x11, 0x00, 0x00, 0x00, 0x11, 0x00, 0x00,
    0x00, 0x11, 0x00, 0x00, 0x00, 0x11, 0x00, 0x00, 0x00, 0x11, 0x00, 0x00, 0x00, 0x11, 0x00, 0x00,
    0x00, 0x11, 0x00, 0x00, 0x00, 0x11, 0x00, 0x00, 0x00, 0x11, 0x00, 0x00, 0x00, 0x11, 0x00, 0x00,
    0x00, 0x11, 0x00, 0x00, 0x00, 0x11, 0x00, 0x00, 0x00, 0x11, 0x00, 0x00, 0x00, 0x11, 0x00, 0x00,
    0x08, 0x11, 0x00, 0x00, 0x08, 0x11, 0x00, 0x00, 0x08, 0x11, 0x00, 0x00, 0x08, 0x11, 0x00, 0x00,
    0x0C, 0x11, 0x00, 0x00, 0x0C, 0x11, 0x00, 0x00, 0x0C, 0x11, 0x00, 0x00, 0x0C, 0x11, 0x00, 0x00,
    0x0C, 0x11, 0x00, 0x00, 0x0C, 0x11, 0x00, 0x00, 0x0C, 0x11, 0x00, 0x00, 0x0C, 0x11, 0x00, 0x00,
    0x0C, 0x11, 0x00, 0x00, 0x0C, 0x11, 0x00, 0x00, 0x0C, 0x11, 0x00, 0x00, 0x0C, 0x11, 0x00, 0x00,
    0x0C, 0x11, 0x00, 0x00, 0x10, 0x11, 0x00, 0x00, 0x10, 0x11, 0x00, 0x00, 0x10, 0x11, 0x00, 0x00,
    0x10, 0x11, 0x00, 0x00, 0x10, 0x11, 0x00, 0x00, 0x10, 0x11, 0x00, 0x00, 0x10, 0x11, 0x00, 0x00,
    0x10, 0x11, 0x00, 0x00, 0x10, 0x11, 0x00, 0x00, 0x10, 0x11, 0x00, 0x00, 0x18, 0x11, 0x00, 0x00,
    0x18, 0x11, 0x00, 0x00, 0x18, 0x11, 0x00, 0x00, 0x18, 0x11, 0x00, 0x00, 0x03, 0x00, 0x00, 0x00,
    0x18, 0x11, 0x00, 0x00, 0x20, 0x11, 0x00, 0x00, 0x04, 0x00, 0x00, 0x00, 0x24, 0x11, 0x00, 0x00,
    0x2C, 0x11, 0x00, 0x00, 0x01, 0x00, 0x00, 0x00, 0x30, 0x11, 0x00, 0x00, 0x38, 0x11, 0x00, 0x00,
    0x00, 0x00, 0x00, 0x00, 0x3C, 0x11, 0x00, 0x00, 0x44, 0x11, 0x00, 0x00, 0x02, 0x00, 0x00, 0x00,
    0x48, 0x11, 0x00, 0x00, 0x50, 0x11, 0x00, 0x00, 0x58, 0x11, 0x00, 0x00, 0x58, 0x11, 0x00, 0x00,
    0x58, 0x11, 0x00, 0x00, 0x58, 0x11, 0x00, 0x00, 0x58, 0x11, 0x00, 0x00, 0x58, 0x11, 0x00, 0x00,
    0x58, 0x11, 0x00, 0x00, 0x58, 0x11, 0x00, 0x00, 0x58, 0x11, 0x00, 0x00, 0x58, 0x11, 0x00, 0x00,
    0x58, 0x11, 0x00, 0x00, 0x58, 0x11, 0x00, 0x00, 0x58, 0x11, 0x00, 0x00, 0x58, 0x11, 0x00, 0x00,
    0x58, 0x11, 0x00, 0x00, 0x58, 0x11, 0x00, 0x00, 0x58, 0x11, 0x00, 0x00, 0x58, 0x11, 0x00, 0x00,
    0x58, 0x11, 0x00, 0x00, 0x58, 0x11, 0x00, 0x00, 0x58, 0x11, 0x00, 0x00, 0x58, 0x11, 0x00, 0x00,
    0x58, 0x11, 0x00, 0x00, 0x58, 0x11, 0x00, 0x00, 0x58, 0x11, 0x00, 0x00, 0x58, 0x11, 0x00, 0x00,
    0x58, 0x11, 0x00, 0x00, 0x58, 0x11, 0x00, 0x00, 0x58, 0x11, 0x00, 0x00, 0x58, 0x11, 0x00, 0x00,
    0x58, 0x11, 0x00, 0x00, 0x58, 0x11, 0x00, 0x00, 0x58, 0x11, 0x00, 0x00, 0x58, 0x11, 0x00, 0x00,
    0x58, 0x11, 0x00, 0x00, 0x58, 0x11, 0x00, 0x00, 0x58, 0x11, 0x00, 0x00, 0x58, 0x11, 0x00, 0x00,
    0x58, 0x11, 0x00, 0x00, 0x58, 0x11, 0x00, 0x00, 0x58, 0x11, 0x00, 0x00, 0x58, 0x11, 0x00, 0x00,
    0x58, 0x11, 0x00, 0x00, 0x58, 0x11, 0x00, 0x00, 0x58, 0x11, 0x00, 0x00, 0x58, 0x11, 0x00, 0x00,
    0x58, 0x11, 0x00, 0x00, 0x58, 0x11, 0x00, 0x00, 0x58, 0x11, 0x00, 0x00, 0x58, 0x11, 0x00, 0x00,
    0x58, 0x11, 0x00, 0x00, 0x58, 0x11, 0x00, 0x00, 0x58, 0x11, 0x00, 0x00, 0x58, 0x11, 0x00, 0x00,
    0x58, 0x11, 0x00, 0x00, 0x58, 0x11, 0x00, 0x00, 0x58, 0x11, 0x00, 0x00, 0x58, 0x11, 0x00, 0x00,
    0x58, 0x11, 0x00, 0x00, 0x58, 0x11, 0x00, 0x00, 0x58, 0x11, 0x00, 0x00, 0x58, 0x11, 0x00, 0x00,
    0x58, 0x11, 0x00, 0x00, 0x58, 0x11, 0x00, 0x00, 0x58, 0x11, 0x00, 0x00, 0x58, 0x11, 0x00, 0x00,
    0x58, 0x11, 0x00, 0x00, 0x58, 0x11, 0x00, 0x00, 0x58, 0x11, 0x00, 0x00, 0x58, 0x11, 0x00, 0x00,
    0x58, 0x11, 0x00, 0x00, 0x58, 0x11, 0x00, 0x00, 0x58, 0x11, 0x00, 0x00, 0x58, 0x11, 0x00, 0x00,
    0x58, 0x11, 0x00, 0x00, 0x58, 0x11, 0x00, 0x00, 0x58, 0x11, 0x00, 0x00, 0x58, 0x11, 0x00, 0x00,
    0x58, 0x11, 0x00, 0x00, 0x58, 0x11, 0x00, 0x00, 0x58, 0x11, 0x00, 0x00, 0x58, 0x11, 0x00, 0x00,
    0x58, 0x11, 0x00, 0x00, 0x58, 0x11, 0x00, 0x00, 0x58, 0x11, 0x00, 0x00, 0x58, 0x11, 0x00, 0x00,
    0x58, 0x11, 0x00, 0x00, 0x58, 0x11, 0x00, 0x00, 0x58, 0x11, 0x00, 0x00, 0x58, 0x11, 0x00, 0x00,
    0x58, 0x11, 0x00, 0x00, 0x58, 0x11, 0x00, 0x00, 0x58, 0x11, 0x00, 0x00, 0x58, 0x11, 0x00, 0x00,
    0x58, 0x11, 0x00, 0x00, 0x58, 0x11, 0x00, 0x00, 0x58, 0x11, 0x00, 0x00, 0x58, 0x11, 0x00, 0x00,
    0x58, 0x11, 0x00, 0x00, 0x58, 0x11, 0x00, 0x00, 0x58, 0x11, 0x00, 0x00, 0x58, 0x11, 0x00, 0x00,
    0x58, 0x11, 0x00, 0x00, 0x58, 0x11, 0x00, 0x00, 0x00, 0x00, 0x00, 0x00, 0x54, 0x11, 0x00, 0x00,
    0x54, 0x11, 0x00, 0x00, 0x54, 0x11, 0x00, 0x00, 0x54, 0x11, 0x00, 0x00, 0x54, 0x11, 0x00, 0x00,
    0x54, 0x11, 0x00, 0x00, 0x54, 0x11, 0x00, 0x00, 0x54, 0x11, 0x00, 0x00, 0x54, 0x11, 0x00, 0x00,
    0x54, 0x11, 0x00, 0x00, 0x54, 0x11, 0x00, 0x00, 0x54, 0x11, 0x00, 0x00, 0x54, 0x11, 0x00, 0x00,
    0x54, 0x11, 0x00, 0x00, 0x54, 0x11, 0x00, 0x00, 0x54, 0x11, 0x00, 0x00, 0x54, 0x11, 0x00, 0x00,
    0x54, 0x11, 0x00, 0x00, 0x54, 0x11, 0x00, 0x00, 0x54, 0x11, 0x00, 0x00, 0x54, 0x11, 0x00, 0x00,
    0x54, 0x11, 0x00, 0x00, 0x54, 0x11, 0x00, 0x00, 0x54, 0x11, 0x00, 0x00, 0x54, 0x11, 0x00, 0x00,
    0x54, 0x11, 0x00, 0x00, 0x54, 0x11, 0x00, 0x00, 0x54, 0x11, 0x00, 0x00, 0x54, 0x11, 0x00, 0x00,
    0x54, 0x11, 0x00, 0x00, 0x54, 0x11, 0x00, 0x00, 0x54, 0x11, 0x00, 0x00, 0x54, 0x11, 0x00, 0x00,
    0x54, 0x11, 0x00, 0x00, 0x54, 0x11, 0x00, 0x00, 0x54, 0x11, 0x00, 0x00, 0x54, 0x11, 0x00, 0x00,
    0x54, 0x11, 0x00, 0x00, 0x54, 0x11, 0x00, 0x00, 0x54, 0x11, 0x00, 0x00, 0x54, 0x11, 0x00, 0x00,
    0x54, 0x11, 0x00, 0x00, 0x54, 0x11, 0x00, 0x00, 0x54, 0x11, 0x00, 0x00, 0x54, 0x11, 0x00, 0x00,
    0x54, 0x11, 0x00, 0x00, 0x54, 0x11, 0x00, 0x00, 0x54, 0x11, 0x00, 0x00, 0x54, 0x11, 0x00, 0x00,
    0x54, 0x11, 0x00, 0x00, 0x54, 0x11, 0x00, 0x00, 0x54, 0x11, 0x00, 0x00, 0x54, 0x11, 0x00, 0x00,
    0x54, 0x11, 0x00, 0x00, 0x54, 0x11, 0x00, 0x00, 0x54, 0x11, 0x00, 0x00, 0x54, 0x11, 0x00, 0x00,
    0x54, 0x11, 0x00, 0x00, 0x54, 0x11, 0x00, 0x00, 0x54, 0x11, 0x00, 0x00, 0x54, 0x11, 0x00, 0x00,
    0x54, 0x11, 0x00, 0x00, 0x54, 0x11, 0x00, 0x00, 0x54, 0x11, 0x00, 0x00, 0x54, 0x11, 0x00, 0x00,
    0x54, 0x11, 0x00, 0x00, 0x54, 0x11, 0x00, 0x00, 0x54, 0x11, 0x00, 0x00, 0x54, 0x11, 0x00, 0x00,
    0x54, 0x11, 0x00, 0x00, 0x54, 0x11, 0x00, 0x00, 0x54, 0x11, 0x00, 0x00, 0x54, 0x11, 0x00, 0x00,
    0x54, 0x11, 0x00, 0x00, 0x54, 0x11, 0x00, 0x00, 0x54, 0x11, 0x00, 0x00, 0x54, 0x11, 0x00, 0x00,
    0x54, 0x11, 0x00, 0x00, 0x54, 0x11, 0x00, 0x00, 0x54, 0x11, 0x00, 0x00, 0x54, 0x11, 0x00, 0x00,
    0x54, 0x11, 0x00, 0x00, 0x54, 0x11, 0x00, 0x00, 0x54, 0x11, 0x00, 0x00, 0x54, 0x11, 0x00, 0x00,
    0x54, 0x11, 0x00, 0x00, 0x54, 0x11, 0x00, 0x00, 0x54, 0x11, 0x00, 0x00, 0x54, 0x11, 0x00, 0x00,
    0x54, 0x11, 0x00, 0x00, 0x54, 0x11, 0x00, 0x00, 0x54, 0x11, 0x00, 0x00, 0x54, 0x11, 0x00, 0x00,
    0x54, 0x11, 0x00, 0x00, 0x54, 0x11, 0x00, 0x00, 0x54, 0x11, 0x00, 0x00, 0x54, 0x11, 0x00, 0x00,
    0x54, 0x11, 0x00, 0x00, 0x54, 0x11, 0x00, 0x00, 0x54, 0x11, 0x00, 0x00, 0x54, 0x11, 0x00, 0x00,
    0x54, 0x11, 0x00, 0x00, 0x54, 0x11, 0x00, 0x00, 0x54, 0x11, 0x00, 0x00, 0x54, 0x11, 0x00, 0x00,
    0x54, 0x11, 0x00, 0x00, 0x54, 0x11, 0x00, 0x00, 0x54, 0x11, 0x00, 0x00, 0x54, 0x11, 0x00, 0x00,
    0x54, 0x11, 0x00, 0x00, 0x54, 0x11, 0x00, 0x00, 0x54, 0x11, 0x00, 0x00, 0x54, 0x11, 0x00, 0x00,
    0x54, 0x11, 0x00, 0x00, 0x54, 0x11, 0x00, 0x00, 0x54, 0x11, 0x00, 0x00, 0x54, 0x11, 0x00, 0x00,
    0x54, 0x11, 0x00, 0x00, 0x54, 0x11, 0x00, 0x00, 0x54, 0x11, 0x00, 0x00, 0x54, 0x11, 0x00, 0x00,
    0x54, 0x11, 0x00, 0x00, 0x54, 0x11, 0x00, 0x00, 0x54, 0x11, 0x00, 0x00, 0x54, 0x11, 0x00, 0x00,
    0x54, 0x11, 0x00, 0x00, 0x54, 0x11, 0x00, 0x00, 0x54, 0x11, 0x00, 0x00, 0x54, 0x11, 0x00, 0x00,
    0x54, 0x11, 0x00, 0x00, 0x54, 0x11, 0x00, 0x00, 0x54, 0x11, 0x00, 0x00, 0x54, 0x11, 0x00, 0x00,
    0x54, 0x11, 0x00, 0x00, 0x54, 0x11, 0x00, 0x00, 0x54, 0x11, 0x00, 0x00, 0x54, 0x11, 0x00, 0x00,
    0x58, 0x11, 0x00, 0x00, 0x58, 0x11, 0x00, 0x00, 0x58, 0x11, 0x00, 0x00, 0x58, 0x11, 0x00, 0x00,
    0x58, 0x11, 0x00, 0x00, 0x58, 0x11, 0x00, 0x00, 0x58, 0x11, 0x00, 0x00, 0x58, 0x11, 0x00, 0x00,
    0x58, 0x11, 0x00, 0x00, 0x58, 0x11, 0x00, 0x00, 0x5C, 0x11, 0x00, 0x00, 0x5C, 0x11, 0x00, 0x00,
    0x5C, 0x11, 0x00, 0x00, 0x5C, 0x11, 0x00, 0x00, 0x5C, 0x11, 0x00, 0x00, 0x5C, 0x11, 0x00, 0x00,
    0x5C, 0x11, 0x00, 0x00, 0x5C, 0x11, 0x00, 0x00, 0x5C, 0x11, 0x00, 0x00, 0x5C, 0x11, 0x00, 0x00,
    0x60, 0x11, 0x00, 0x00, 0x60, 0x11, 0x00, 0x00, 0x60, 0x11, 0x00, 0x00, 0x60, 0x11, 0x00, 0x00,
    0x60, 0x11, 0x00, 0x00, 0x60, 0x11, 0x00, 0x00, 0x60, 0x11, 0x00, 0x00, 0x60, 0x11, 0x00, 0x00,
    0x60, 0x11, 0x00, 0x00, 0x60, 0x11, 0x00, 0x00, 0x60, 0x11, 0x00, 0x00, 0x60, 0x11, 0x00, 0x00,
    0x60, 0x11, 0x00, 0x00, 0x60, 0x11, 0x00, 0x00, 0x60, 0x11, 0x00, 0x00, 0x60, 0x11, 0x00, 0x00,
    0x60, 0x11, 0x00, 0x00, 0x60, 0x11, 0x00, 0x00, 0x60, 0x11, 0x00, 0x00, 0x60, 0x11, 0x00, 0x00,
    0x60, 0x11, 0x00, 0x00, 0x60, 0x11, 0x00, 0x00, 0x60, 0x11, 0x00, 0x00, 0x60, 0x11, 0x00, 0x00,
    0x60, 0x11, 0x00, 0x00, 0x60, 0x11, 0x00, 0x00, 0x60, 0x11, 0x00, 0x00, 0x60, 0x11, 0x00, 0x00,
    0x60, 0x11, 0x00, 0x00, 0x60, 0x11, 0x00, 0x00, 0x60, 0x11, 0x00, 0x00, 0x60, 0x11, 0x00, 0x00,
    0x60, 0x11, 0x00, 0x00, 0x60, 0x11, 0x00, 0x00, 0x60, 0x11, 0x00, 0x00, 0x60, 0x11, 0x00, 0x00,
    0x60, 0x11, 0x00, 0x00, 0x60, 0x11, 0x00, 0x00, 0x60, 0x11, 0x00, 0x00, 0x60, 0x11, 0x00, 0x00,
    0x60, 0x11, 0x00, 0x00, 0x60, 0x11, 0x00, 0x00, 0x60, 0x11, 0x00, 0x00, 0x60, 0x11, 0x00, 0x00,
    0x60, 0x11, 0x00, 0x00, 0x60, 0x11, 0x00, 0x00, 0x60, 0x11, 0x00, 0x00, 0x60, 0x11, 0x00, 0x00,
    0x60, 0x11, 0x00, 0x00, 0x60, 0x11, 0x00, 0x00, 0x60, 0x11, 0x00, 0x00, 0x60, 0x11, 0x00, 0x00,
    0x60, 0x11, 0x00, 0x00, 0x60, 0x11, 0x00, 0x00, 0x60, 0x11, 0x00, 0x00, 0x60, 0x11, 0x00, 0x00,
    0x60, 0x11, 0x00, 0x00, 0x60, 0x11, 0x00, 0x00, 0x60, 0x11, 0x00, 0x00, 0x60, 0x11, 0x00, 0x00,
    0x60, 0x11, 0x00, 0x00, 0x60, 0x11, 0x00, 0x00, 0x60, 0x11, 0x00, 0x00, 0x60, 0x11, 0x00, 0x00,
    0x60, 0x11, 0x00, 0x00, 0x60, 0x11, 0x00, 0x00, 0x60, 0x11, 0x00, 0x00, 0x60, 0x11, 0x00, 0x00,
    0x60, 0x11, 0x00, 0x00, 0x60, 0x11, 0x00, 0x00, 0x60, 0x11, 0x00, 0x00, 0x60, 0x11, 0x00, 0x00,
    0x60, 0x11, 0x00, 0x00, 0x60, 0x11, 0x00, 0x00, 0x60, 0x11, 0x00, 0x00, 0x60, 0x11, 0x00, 0x00,
    0x60, 0x11, 0x00, 0x00, 0x60, 0x11, 0x00, 0x00, 0x60, 0x11, 0x00, 0x00, 0x60, 0x11, 0x00, 0x00,
    0x60, 0x11, 0x00, 0x00, 0x60, 0x11, 0x00, 0x00, 0x60, 0x11, 0x00, 0x00, 0x60, 0x11, 0x00, 0x00,
    0x60, 0x11, 0x00, 0x00, 0x60, 0x11, 0x00, 0x00, 0x60, 0x11, 0x00, 0x00, 0x60, 0x11, 0x00, 0x00,
    0x60, 0x11, 0x00, 0x00, 0x60, 0x11, 0x00, 0x00, 0x60, 0x11, 0x00, 0x00, 0x60, 0x11, 0x00, 0x00,
    0x60, 0x11, 0x00, 0x00, 0x60, 0x11, 0x00, 0x00, 0x60, 0x11, 0x00, 0x00, 0x60, 0x11, 0x00, 0x00,
    0x60, 0x11, 0x00, 0x00, 0x60, 0x11, 0x00, 0x00, 0x60, 0x11, 0x00, 0x00, 0x60, 0x11, 0x00, 0x00,
    0x60, 0x11, 0x00, 0x00, 0x60, 0x11, 0x00, 0x00, 0x60, 0x11, 0x00, 0x00, 0x60, 0x11, 0x00, 0x00,
    0x60, 0x11, 0x00, 0x00, 0x60, 0x11, 0x00, 0x00, 0x60, 0x11, 0x00, 0x00, 0x60, 0x11, 0x00, 0x00,
    0x60, 0x11, 0x00, 0x00, 0x60, 0x11, 0x00, 0x00, 0x60, 0x11, 0x00, 0x00, 0x60, 0x11, 0x00, 0x00,
    0x60, 0x11, 0x00, 0x00, 0x60, 0x11, 0x00, 0x00, 0x60, 0x11, 0x00, 0x00, 0x60, 0x11, 0x00, 0x00,
    0x60, 0x11, 0x00, 0x00, 0x60, 0x11, 0x00, 0x00, 0x60, 0x11, 0x00, 0x00, 0x60, 0x11, 0x00, 0x00,
    0x60, 0x11, 0x00, 0x00, 0x60, 0x11, 0x00, 0x00, 0x60, 0x11, 0x00, 0x00, 0x60, 0x11, 0x00, 0x00,
    0x60, 0x11, 0x00, 0x00, 0x60, 0x11, 0x00, 0x00, 0x60, 0x11, 0x00, 0x00, 0x60, 0x11, 0x00, 0x00,
    0x60, 0x11, 0x00, 0x00, 0x60, 0x11, 0x00, 0x00, 0x60, 0x11, 0x00, 0x00, 0x60, 0x11, 0x00, 0x00,
    0x60, 0x11, 0x00, 0x00, 0x60, 0x11, 0x00, 0x00, 0x60, 0x11, 0x00, 0x00, 0x60, 0x11, 0x00, 0x00,
    0x60, 0x11, 0x00, 0x00, 0x60, 0x11, 0x00, 0x00, 0x60, 0x11, 0x00, 0x00, 0x60, 0x11, 0x00, 0x00,
    0x60, 0x11, 0x00, 0x00, 0x00, 0x00, 0x00, 0x00, 0x5C, 0x11, 0x00, 0x00, 0x5C, 0x11, 0x00, 0x00,
    0x5C, 0x11, 0x00, 0x00, 0x5C, 0x11, 0x00, 0x00, 0x5C, 0x11, 0x00, 0x00, 0x5C, 0x11, 0x00, 0x00,
    0x5C, 0x11, 0x00, 0x00, 0x64, 0x11, 0x00, 0x00, 0x64, 0x11, 0x00, 0x00, 0x64, 0x11, 0x00, 0x00,
    0x64, 0x11, 0x00, 0x00, 0x64, 0x11, 0x00, 0x00, 0x64, 0x11, 0x00, 0x00, 0x64, 0x11, 0x00, 0x00,
    0x64, 0x11, 0x00, 0x00, 0x64, 0x11, 0x00, 0x00, 0x64, 0x11, 0x00, 0x00, 0x64, 0x11, 0x00, 0x00,
    0x64, 0x11, 0x00, 0x00, 0x64, 0x11, 0x00, 0x00, 0x00, 0x00, 0x00, 0x00, 0x00, 0x00, 0x00, 0x00,
    0x00, 0x00, 0x00, 0x00, 0x58, 0x11, 0x00, 0x00, 0x58, 0x11, 0x00, 0x00, 0x58, 0x11, 0x00, 0x00,
    0x58, 0x11, 0x00, 0x00, 0x58, 0x11, 0x00, 0x00, 0x58, 0x11, 0x00, 0x00, 0x58, 0x11, 0x00, 0x00,
    0x58, 0x11, 0x00, 0x00, 0x58, 0x11, 0x00, 0x00, 0x58, 0x11, 0x00, 0x00, 0x58, 0x11, 0x00, 0x00,
    0x58, 0x11, 0x00, 0x00, 0x58, 0x11, 0x00, 0x00, 0x58, 0x11, 0x00, 0x00, 0x58, 0x11, 0x00, 0x00,
    0x60, 0x11, 0x00, 0x00, 0x60, 0x11, 0x00, 0x00, 0x60, 0x11, 0x00, 0x00, 0x60, 0x11, 0x00, 0x00,
    0x00, 0x00, 0x00, 0x00, 0x00, 0x00, 0x00, 0x00, 0x00, 0x00, 0x00, 0x00, 0x00, 0x00, 0x00, 0x00,
    0x50, 0x11, 0x00, 0x00, 0x50, 0x11, 0x00, 0x00, 0x50, 0x11, 0x00, 0x00, 0x50, 0x11, 0x00, 0x00,
    0x50, 0x11, 0x00, 0x00, 0x50, 0x11, 0x00, 0x00, 0x50, 0x11, 0x00, 0x00, 0x50, 0x11, 0x00, 0x00,
    0x50, 0x11, 0x00, 0x00, 0x00, 0x00, 0x00, 0x00, 0x4C, 0x11, 0x00, 0x00, 0x4C, 0x11, 0x00, 0x00,
    0x54, 0x11, 0x00, 0x00, 0x5C, 0x11, 0x00, 0x00, 0x01, 0x00, 0x00, 0x00, 0x60, 0x11, 0x00, 0x00,
    0x68, 0x11, 0x00, 0x00, 0x00, 0xE0, 0x00, 0x00, 0x00, 0xE0, 0x00, 0x00, 0x00, 0xE0, 0x00, 0x00,
    0x00, 0xE0, 0x00, 0x00, 0x00, 0xE0, 0x00, 0x00, 0x00, 0xE0, 0x00, 0x00, 0x00, 0xE0, 0x00, 0x00,
    0x02, 0x00, 0x00, 0xE0, 0x00, 0xE0, 0x00, 0x00, 0x00, 0xE0, 0x00, 0x00, 0x00, 0xE0, 0x00, 0x00,
    0x01, 0x00, 0x00, 0x00, 0x40, 0x11, 0x00, 0x00, 0x00, 0x00, 0x00, 0x00, 0x00, 0xE0, 0x00, 0x00,
    0x00, 0xE0, 0x00, 0x00, 0x00, 0xE0, 0x00, 0x00, 0x00, 0xE0, 0x00, 0x00, 0x00, 0xE0, 0x00, 0x00,
    0x00, 0xE0, 0x00, 0x00, 0x01, 0x00, 0x00, 0x00, 0x20, 0x11, 0x00, 0x00, 0x00, 0x00, 0x00, 0x00,
    0x00, 0xE0, 0x00, 0x00, 0x00, 0xE0, 0x00, 0x00, 0x00, 0xE0, 0x00, 0x00, 0x03, 0x00, 0x00, 0xE0,
    0x00, 0xE0, 0x00, 0x00, 0x00, 0xE0, 0x00, 0x00, 0x00, 0xE0, 0x00, 0x00, 0x00, 0xE0, 0x00, 0x00,
    0x00, 0xE0, 0x00, 0x00, 0x00, 0xE0, 0x00, 0x00, 0x00, 0xE0, 0x00, 0x00, 0x00, 0xE0, 0x00, 0x00,
    0x00, 0xE0, 0x00, 0x00, 0x01, 0x00, 0x00, 0x00, 0xE4, 0x10, 0x00, 0x00, 0x00, 0x00, 0x00, 0x00,
    0x00, 0xE0, 0x00, 0x00, 0x00, 0xE0, 0x00, 0x00, 0x00, 0xE0, 0x00, 0x00, 0x04, 0x00, 0x00, 0xE0,
    0x00, 0xE0, 0x00, 0x00, 0x00, 0xE0, 0x00, 0x00, 0x00, 0xE0, 0x00, 0x00, 0x00, 0xE0, 0x00, 0x00,
    0x00, 0xE0, 0x00, 0x00, 0x00, 0xE0, 0x00, 0x00, 0x00, 0xE0, 0x00, 0x00, 0x00, 0xE0, 0x00, 0x00,
    0x00, 0xE0, 0x00, 0x00, 0x01, 0x00, 0x00, 0x00, 0xA8, 0x10, 0x00, 0x00, 0x00, 0x00, 0x00, 0x00,
    0x00, 0xE0, 0x00, 0x00, 0x00, 0xE0, 0x00, 0x00, 0x00, 0xE0, 0x00, 0x00, 0x05, 0x00, 0x00, 0xE0,
    0x00, 0xE0, 0x00, 0x00, 0x00, 0xE0, 0x00, 0x00, 0x00, 0xE0, 0x00, 0x00, 0x00, 0xE0, 0x00, 0x00,
    0x00, 0xE0, 0x00, 0x00, 0x00, 0xE0, 0x00, 0x00, 0x00, 0xE0, 0x00, 0x00, 0x00, 0xE0, 0x00, 0x00,
    0x00, 0xE0, 0x00, 0x00, 0x01, 0x00, 0x00, 0x00, 0x6C, 0x10, 0x00, 0x00, 0x00, 0x00, 0x00, 0x00,
    0x00, 0xE0, 0x00, 0x00, 0x00, 0xE0, 0x00, 0x00, 0x00, 0xE0, 0x00, 0x00, 0x06, 0x00, 0x00, 0xE0,
    0x00, 0xE0, 0x00, 0x00, 0x00, 0xE0, 0x00, 0x00, 0x00, 0xE0, 0x00, 0x00, 0x00, 0xE0, 0x00, 0x00,
    0x00, 0xE0, 0x00, 0x00, 0x00, 0xE0, 0x00, 0x00, 0x00, 0xE0, 0x00, 0x00, 0x00, 0xE0, 0x00, 0x00,
    0x00, 0xE0, 0x00, 0x00, 0x01, 0x00, 0x00, 0x00, 0x30, 0x10, 0x00, 0x00, 0x00, 0x00, 0x00, 0x00,
    0x00, 0xE0, 0x00, 0x00, 0x00, 0xE0, 0x00, 0x00, 0x00, 0xE0, 0x00, 0x00, 0x07, 0x00, 0x00, 0xE0,
    0x00, 0xE0, 0x00, 0x00, 0x00, 0xE0, 0x00, 0x00, 0x00, 0xE0, 0x00, 0x00, 0x00, 0xE0, 0x00, 0x00,
    0x00, 0xE0, 0x00, 0x00, 0x00, 0xE0, 0x00, 0x00, 0x00, 0xE0, 0x00, 0x00, 0x00, 0xE0, 0x00, 0x00,
    0x00, 0xE0, 0x00, 0x00, 0x01, 0x00, 0x00, 0x00, 0xF4, 0x0F, 0x00, 0x00, 0x00, 0x00, 0x00, 0x00,
    0x00, 0xE0, 0x00, 0x00, 0x00, 0xE0, 0x00, 0x00, 0x00, 0xE0, 0x00, 0x00, 0x08, 0x00, 0x00, 0xE0,
    0x00, 0xE0, 0x00, 0x00, 0x00, 0xE0, 0x00, 0x00, 0x00, 0xE0, 0x00, 0x00, 0x00, 0xE0, 0x00, 0x00,
    0x00, 0xE0, 0x00, 0x00, 0x00, 0xE0, 0x00, 0x00, 0x00, 0xE0, 0x00, 0x00, 0x00, 0xE0, 0x00, 0x00,
    0x00, 0xE0, 0x00, 0x00, 0x01, 0x00, 0x00, 0x00, 0xB8, 0x0F, 0x00, 0x00, 0x00, 0x00, 0x00, 0x00,
    0x00, 0xE0, 0x00, 0x00, 0x00, 0xE0, 0x00, 0x00, 0x00, 0xE0, 0x00, 0x00, 0x09, 0x00, 0x00, 0xE0,
    0x00, 0xE0, 0x00, 0x00, 0x00, 0xE0, 0x00, 0x00, 0x00, 0xE0, 0x00, 0x00, 0x00, 0xE0, 0x00, 0x00,
    0x00, 0xE0, 0x00, 0x00, 0x00, 0xE0, 0x00, 0x00, 0x00, 0xE0, 0x00, 0x00, 0x00, 0xE0, 0x00, 0x00,
    0x00, 0xE0, 0x00, 0x00, 0x01, 0x00, 0x00, 0x00, 0x7C, 0x0F, 0x00, 0x00, 0x00, 0x00, 0x00, 0x00,
    0x00, 0xE0, 0x00, 0x00, 0x00, 0xE0, 0x00, 0x00, 0x00, 0xE0, 0x00, 0x00, 0x0A, 0x00, 0x00, 0xE0,
    0x00, 0xE0, 0x00, 0x00, 0x00, 0xE0, 0x00, 0x00, 0x00, 0xE0, 0x00, 0x00, 0x00, 0xE0, 0x00, 0x00,
    0x00, 0xE0, 0x00, 0x00, 0x00, 0xE0, 0x00, 0x00, 0x00, 0xE0, 0x00, 0x00, 0x00, 0xE0, 0x00, 0x00,
    0x00, 0xE0, 0x00, 0x00, 0x01, 0x00, 0x00, 0x00, 0x40, 0x0F, 0x00, 0x00, 0x00, 0x00, 0x00, 0x00,
    0x00, 0xE0, 0x00, 0x00, 0x00, 0xE0, 0x00, 0x00, 0x00, 0xE0, 0x00, 0x00, 0x0B, 0x00, 0x00, 0xE0,
    0x00, 0xE0, 0x00, 0x00, 0x00, 0xE0, 0x00, 0x00, 0x00, 0xE0, 0x00, 0x00, 0x00, 0xE0, 0x00, 0x00,
    0x00, 0xE0, 0x00, 0x00, 0x00, 0xE0, 0x00, 0x00, 0x00, 0x00, 0x00, 0x00, 0x00, 0x00, 0x00, 0x00,
    0x01, 0x00, 0x00, 0x00, 0x00, 0x00, 0x00, 0x00, 0x05, 0x00, 0x00, 0x00, 0x00, 0x0F, 0x00, 0x00,
    0x00, 0x00, 0x00, 0x00, 0x00, 0x00, 0x00, 0x00, 0x01, 0x00, 0x00, 0x00, 0x00, 0x00, 0x00, 0x00,
    0x05, 0x00, 0x00, 0x00, 0xFC, 0x0E, 0x00, 0x00, 0x00, 0x00, 0x00, 0x00, 0x00, 0x00, 0x00, 0x00,
    0x01, 0x00, 0x00, 0x00, 0x00, 0x00, 0x00, 0x00, 0x05, 0x00, 0x00, 0x00, 0xF8, 0x0E, 0x00, 0x00,
    0x00, 0x00, 0x00, 0x00, 0x00, 0x00, 0x00, 0x00, 0x01, 0x00, 0x00, 0x00, 0x00, 0x00, 0x00, 0x00,
    0x05, 0x00, 0x00, 0x00, 0xF4, 0x0E, 0x00, 0x00, 0x00, 0x00, 0x00, 0x00, 0x00, 0x00, 0x00, 0x00,
    0x01, 0x00, 0x00, 0x00, 0x00, 0x00, 0x00, 0x00, 0x05, 0x00, 0x00, 0x00, 0xF0, 0x0E, 0x00, 0x00,
    0x00, 0x00, 0x00, 0x00, 0x00, 0x00, 0x00, 0x00, 0x01, 0x00, 0x00, 0x00, 0x26, 0x00, 0x00, 0x00,
    0x02, 0x00, 0x00, 0x00, 0xEC, 0x0E, 0x00, 0x00, 0x00, 0x00, 0x00, 0x00, 0x00, 0x00, 0x00, 0x00,
    0x01, 0x00, 0x00, 0x00, 0x00, 0x00, 0x00, 0x00, 0x05, 0x00, 0x00, 0x00, 0xDC, 0x0E, 0x00, 0x00,
    0x00, 0x00, 0x00, 0x00, 0x00, 0x00, 0x00, 0x00, 0x01, 0x00, 0x00, 0x00, 0x00, 0x00, 0x00, 0x00,
    0x05, 0x00, 0x00, 0x00, 0xD8, 0x0E, 0x00, 0x00, 0x00, 0x00, 0x00, 0x00, 0x00, 0x00, 0x00, 0x00,
    0x01, 0x00, 0x00, 0x00, 0x00, 0x00, 0x00, 0x00, 0x05, 0x00, 0x00, 0x00, 0xD4, 0x0E, 0x00, 0x00,
    0x00, 0x00, 0x00, 0x00, 0x00, 0x00, 0x00, 0x00, 0x01, 0x00, 0x00, 0x00, 0x00, 0x00, 0x00, 0x00,
    0x05, 0x00, 0x00, 0x00, 0xD0, 0x0E, 0x00, 0x00, 0x00, 0xE0, 0x00, 0x00, 0x00, 0xE0, 0x00, 0x00,
    0x00, 0xE0, 0x00, 0x00, 0x00, 0xE0, 0x00, 0x00, 0x00, 0xE0, 0x00, 0x00, 0x00, 0xE0, 0x00, 0x00,
    0x00, 0xE0, 0x00, 0x00, 0x00, 0xE0, 0x00, 0x00, 0x00, 0xE0, 0x00, 0x00, 0x00, 0xE0, 0x00, 0x00,
    0x00, 0xE0, 0x00, 0x00, 0x00, 0xE0, 0x00, 0x00, 0x00, 0xE0, 0x00, 0x00, 0x00, 0xE0, 0x00, 0x00,
    0x00, 0xE0, 0x00, 0x00, 0x01, 0x00, 0x00, 0x00, 0xA0, 0x0E, 0x00, 0x00, 0x00, 0x00, 0x00, 0x00,
    0x00, 0xE0, 0x00, 0x00, 0x00, 0xE0, 0x00, 0x00, 0x00, 0xE0, 0x00, 0x00, 0x07, 0x00, 0x1A, 0x00,
    0x00, 0xC0, 0x00, 0xE0, 0x00, 0xE0, 0x00, 0x00, 0x00, 0xE0, 0x00, 0x00, 0x00, 0xE0, 0x00, 0x00,
    0x00, 0x00, 0x00, 0x00, 0x00, 0x00, 0x00, 0x00, 0x01, 0x00, 0x00, 0x00, 0x00, 0x00, 0x00, 0x00,
    0x05, 0x00, 0x00, 0x00, 0x68, 0x0E, 0x00, 0x00, 0x00, 0xE0, 0x00, 0x00, 0x00, 0xE0, 0x00, 0x00,
    0x00, 0xE0, 0x00, 0x00, 0x00, 0xE0, 0x00, 0x00, 0x00, 0xE0, 0x00, 0x00, 0x00, 0xE0, 0x00, 0x00,
    0x01, 0x00, 0x00, 0x00, 0x5C, 0x0E, 0x00, 0x00, 0x00, 0x00, 0x00, 0x00, 0x00, 0x00, 0x00, 0x00,
    0x00, 0x00, 0x00, 0x00, 0x00, 0x00, 0x00, 0x00, 0x00, 0xE0, 0x00, 0x00, 0x00, 0xE0, 0x00, 0x00,
    0x00, 0xE0, 0x00, 0x00, 0x00, 0xE0, 0x00, 0x00, 0x00, 0xE0, 0x00, 0x00, 0x00, 0xE0, 0x00, 0x00,
    0x00, 0xE0, 0x00, 0x00, 0x00, 0xE0, 0x00, 0x00, 0x00, 0xE0, 0x00, 0x00, 0x1E, 0x00, 0x1F, 0x00,
    0x00, 0xC0, 0x20, 0x00, 0x00, 0xC0, 0x00, 0xE0, 0x00, 0xE0, 0x00, 0x00, 0x00, 0xE0, 0x00, 0x00,
    0x00, 0xE0, 0x00, 0x00, 0x00, 0xE0, 0x00, 0x00, 0x00, 0xE0, 0x00, 0x00, 0x00, 0xE0, 0x00, 0x00,
    0x00, 0xE0, 0x00, 0x00, 0x00, 0xE0, 0x00, 0x00, 0x00, 0xE0, 0x00, 0x00, 0x21, 0x00, 0x00, 0xE0,
    0x00, 0xE0, 0x00, 0x00, 0x00, 0xE0, 0x00, 0x00, 0x00, 0xE0, 0x00, 0x00, 0x00, 0xE0, 0x00, 0x00,
    0x00, 0xE0, 0x00, 0x00, 0x00, 0xE0, 0x00, 0x00, 0x00, 0xE0, 0x00, 0x00, 0x00, 0xE0, 0x00, 0x00,
    0x00, 0xE0, 0x00, 0x00, 0x22, 0x00, 0x23, 0x00, 0x00, 0xC0, 0x24, 0x00, 0x00, 0xC0, 0x1F, 0x00,
    0x00, 0xC0, 0x25, 0x00, 0x00, 0xC0, 0x00, 0xE0, 0x00, 0xE0, 0x00, 0x00, 0x00, 0xE0, 0x00, 0x00,
    0x00, 0xE0, 0x00, 0x00, 0x00, 0xE0, 0x00, 0x00, 0x00, 0xE0, 0x00, 0x00, 0x00, 0xE0, 0x00, 0x00,
    0x00, 0xE0, 0x00, 0x00, 0x00, 0xE0, 0x00, 0x00, 0x00, 0xE0, 0x00, 0x00, 0x00, 0xE0, 0x00, 0x00,
    0x00, 0xE0, 0x00, 0x00, 0x00, 0xE0, 0x00, 0x00, 0x00, 0xE0, 0x00, 0x00, 0x00, 0xE0, 0x00, 0x00,
    0x00, 0xE0, 0x00, 0x00, 0x00, 0xE0, 0x00, 0x00, 0x00, 0xE0, 0x00, 0x00, 0x00, 0xE0, 0x00, 0x00,
    0x00, 0xE0, 0x00, 0x00, 0x00, 0xE0, 0x00, 0x00, 0x00, 0xE0, 0x00, 0x00, 0x00, 0xE0, 0x00, 0x00,
    0x00, 0xE0, 0x00, 0x00, 0x00, 0xE0, 0x00, 0x00, 0x00, 0xE0, 0x00, 0x00, 0x00, 0xE0, 0x00, 0x00,
    0x00, 0xE0, 0x00, 0x00, 0x00, 0xE0, 0x00, 0x00, 0x00, 0xE0, 0x00, 0x00, 0x00, 0xE0, 0x00, 0x00,
    0x00, 0xE0, 0x00, 0x00, 0x00, 0xE0, 0x00, 0x00, 0x00, 0xE0, 0x00, 0x00, 0x00, 0xE0, 0x00, 0x00,
    0x00, 0xE0, 0x00, 0x00, 0x00, 0xE0, 0x00, 0x00, 0x00, 0xE0, 0x00, 0x00, 0x00, 0xE0, 0x00, 0x00,
    0x00, 0xE0, 0x00, 0x00, 0x00, 0xE0, 0x00, 0x00, 0x00, 0xE0, 0x00, 0x00, 0x00, 0xE0, 0x00, 0x00,
    0x01, 0x00, 0x00, 0x00, 0x10, 0x0D, 0x00, 0x00, 0x00, 0x00, 0x00, 0x00, 0x00, 0xE0, 0x00, 0x00,
    0x00, 0xE0, 0x00, 0x00, 0x00, 0xE0, 0x00, 0x00, 0x07, 0x00, 0x26, 0x00, 0x00, 0xC0, 0x00, 0xE0,
    0x00, 0x00, 0x00, 0x00, 0x00, 0x00, 0x00, 0x00, 0x01, 0x00, 0x00, 0x00, 0x26, 0x00, 0x00, 0x00,
    0x02, 0x00, 0x00, 0x00, 0xE4, 0x0C, 0x00, 0x00, 0x00, 0x00, 0x00, 0x00, 0x00, 0x00, 0x00, 0x00,
    0x01, 0x00, 0x00, 0x00, 0x00, 0x00, 0x00, 0x00, 0x05, 0x00, 0x00, 0x00, 0xD4, 0x0C, 0x00, 0x00,
    0x00, 0x00, 0x00, 0x00, 0x00, 0x00, 0x00, 0x00, 0x01, 0x00, 0x00, 0x00, 0x01, 0x00, 0x00, 0x00,
    0x03, 0x00, 0x00, 0x00, 0xD0, 0x0C, 0x00, 0x00, 0x00, 0xE0, 0x00, 0x00, 0x00, 0xE0, 0x00, 0x00,
    0x00, 0xE0, 0x00, 0x00, 0x00, 0xE0, 0x00, 0x00, 0x00, 0xE0, 0x00, 0x00, 0x00, 0xE0, 0x00, 0x00,
    0x00, 0xE0, 0x00, 0x00, 0x28, 0x00, 0x00, 0xE0, 0x00, 0xE0, 0x00, 0x00, 0x00, 0xE0, 0x00, 0x00,
    0x00, 0xE0, 0x00, 0x00, 0x00, 0xE0, 0x00, 0x00, 0x00, 0xE0, 0x00, 0x00, 0x00, 0xE0, 0x00, 0x00,
    0x00, 0xE0, 0x00, 0x00, 0x00, 0xE0, 0x00, 0x00, 0x00, 0xE0, 0x00, 0x00, 0x00, 0xE0, 0x00, 0x00,
    0x00, 0xE0, 0x00, 0x00, 0x00, 0xE0, 0x00, 0x00, 0x00, 0xE0, 0x00, 0x00, 0x00, 0xE0, 0x00, 0x00,
    0x00, 0xE0, 0x00, 0x00, 0x00, 0xE0, 0x00, 0x00, 0x00, 0xE0, 0x00, 0x00, 0x00, 0xE0, 0x00, 0x00,
    0x00, 0xE0, 0x00, 0x00, 0x00, 0xE0, 0x00, 0x00, 0x00, 0xE0, 0x00, 0x00, 0x00, 0xE0, 0x00, 0x00,
    0x00, 0xE0, 0x00, 0x00, 0x00, 0xE0, 0x00, 0x00, 0x00, 0xE0, 0x00, 0x00, 0x00, 0xE0, 0x00, 0x00,
    0x00, 0xE0, 0x00, 0x00, 0x00, 0xE0, 0x00, 0x00, 0x00, 0xE0, 0x00, 0x00, 0x00, 0xE0, 0x00, 0x00,
    0x00, 0xE0, 0x00, 0x00, 0x00, 0xE0, 0x00, 0x00, 0x00, 0xE0, 0x00, 0x00, 0x00, 0xE0, 0x00, 0x00,
    0x00, 0xE0, 0x00, 0x00, 0x00, 0xE0, 0x00, 0x00, 0x00, 0xE0, 0x00, 0x00, 0x00, 0xE0, 0x00, 0x00,
    0x00, 0xE0, 0x00, 0x00, 0x00, 0xE0, 0x00, 0x00, 0x00, 0xE0, 0x00, 0x00, 0x00, 0xE0, 0x00, 0x00,
    0x00, 0xE0, 0x00, 0x00, 0x00, 0xE0, 0x00, 0x00, 0x00, 0xE0, 0x00, 0x00, 0x00, 0xE0, 0x00, 0x00,
    0x00, 0xE0, 0x00, 0x00, 0x00, 0xE0, 0x00, 0x00, 0x00, 0xE0, 0x00, 0x00, 0x00, 0xE0, 0x00, 0x00,
    0x00, 0xE0, 0x00, 0x00, 0x00, 0xE0, 0x00, 0x00, 0x00, 0xE0, 0x00, 0x00, 0x00, 0xE0, 0x00, 0x00,
    0x00, 0xE0, 0x00, 0x00, 0x00, 0xE0, 0x00, 0x00, 0x00, 0xE0, 0x00, 0x00, 0x01, 0x00, 0x00, 0x00,
    0xD0, 0x0B, 0x00, 0x00, 0x00, 0x00, 0x00, 0x00, 0x01, 0x00, 0x00, 0x00, 0xC8, 0x0B, 0x00, 0x00,
    0x00, 0x00, 0x00, 0x00, 0x00, 0xE0, 0x00, 0x00, 0x00, 0xE0, 0x00, 0x00, 0x00, 0xE0, 0x00, 0x00,
    0x00, 0xE0, 0x00, 0x00, 0x00, 0xE0, 0x00, 0x00, 0x00, 0xE0, 0x00, 0x00, 0x00, 0xE0, 0x00, 0x00,
    0x00, 0xE0, 0x00, 0x00, 0x00, 0xE0, 0x00, 0x00, 0x00, 0xE0, 0x00, 0x00, 0x00, 0xE0, 0x00, 0x00,
    0x00, 0xE0, 0x00, 0x00, 0x00, 0xE0, 0x00, 0x00, 0x00, 0xE0, 0x00, 0x00, 0x00, 0xE0, 0x00, 0x00,
    0x00, 0xE0, 0x00, 0x00, 0x00, 0xE0, 0x00, 0x00, 0x00, 0xE0, 0x00, 0x00, 0x00, 0xE0, 0x00, 0x00,
    0x00, 0xE0, 0x00, 0x00, 0x00, 0xE0, 0x00, 0x00, 0x00, 0xE0, 0x00, 0x00, 0x00, 0xE0, 0x00, 0x00,
    0x00, 0xE0, 0x00, 0x00, 0x00, 0xE0, 0x00, 0x00, 0x00, 0xE0, 0x00, 0x00, 0x00, 0xE0, 0x00, 0x00,
    0x29, 0x00, 0x2A, 0x00, 0x00, 0xC0, 0x00, 0xE0, 0x00, 0xE0, 0x00, 0x00, 0x00, 0xE0, 0x00, 0x00,
    0x00, 0xE0, 0x00, 0x00, 0x00, 0xE0, 0x00, 0x00, 0x00, 0xE0, 0x00, 0x00, 0x00, 0xE0, 0x00, 0x00,
    0x00, 0xE0, 0x00, 0x00, 0x00, 0xE0, 0x00, 0x00, 0x00, 0xE0, 0x00, 0x00, 0x2B, 0x00, 0x2C, 0x00,
    0x00, 0xC0, 0x00, 0xE0, 0x00, 0xE0, 0x00, 0x00, 0x00, 0xE0, 0x00, 0x00, 0x00, 0xE0, 0x00, 0x00,
    0x00, 0xE0, 0x00, 0x00, 0x00, 0xE0, 0x00, 0x00, 0x00, 0xE0, 0x00, 0x00, 0x00, 0xE0, 0x00, 0x00,
    0x00, 0xE0, 0x00, 0x00, 0x00, 0xE0, 0x00, 0x00, 0x2B, 0x00, 0x2D, 0x00, 0x00, 0xC0, 0x00, 0xE0,
    0x00, 0xE0, 0x00, 0x00, 0x00, 0xE0, 0x00, 0x00, 0x00, 0xE0, 0x00, 0x00, 0x00, 0xE0, 0x00, 0x00,
    0x00, 0xE0, 0x00, 0x00, 0x00, 0xE0, 0x00, 0x00, 0x00, 0xE0, 0x00, 0x00, 0x00, 0xE0, 0x00, 0x00,
    0x00, 0xE0, 0x00, 0x00, 0x2B, 0x00, 0x2E, 0x00, 0x00, 0xC0, 0x00, 0xE0, 0x00, 0xE0, 0x00, 0x00,
    0x00, 0xE0, 0x00, 0x00, 0x00, 0xE0, 0x00, 0x00, 0x00, 0xE0, 0x00, 0x00, 0x00, 0xE0, 0x00, 0x00,
    0x00, 0xE0, 0x00, 0x00, 0x00, 0xE0, 0x00, 0x00, 0x00, 0xE0, 0x00, 0x00, 0x00, 0xE0, 0x00, 0x00,
    0x00, 0xE0, 0x00, 0x00, 0x00, 0xE0, 0x00, 0x00, 0x00, 0xE0, 0x00, 0x00, 0x00, 0xE0, 0x00, 0x00,
    0x00, 0xE0, 0x00, 0x00, 0x00, 0xE0, 0x00, 0x00, 0x00, 0xE0, 0x00, 0x00, 0x00, 0xE0, 0x00, 0x00,
    0x00, 0xE0, 0x00, 0x00, 0x00, 0xE0, 0x00, 0x00, 0x00, 0xE0, 0x00, 0x00, 0x00, 0xE0, 0x00, 0x00,
    0x00, 0xE0, 0x00, 0x00, 0x00, 0xE0, 0x00, 0x00, 0x00, 0xE0, 0x00, 0x00, 0x00, 0xE0, 0x00, 0x00,
    0x00, 0xE0, 0x00, 0x00, 0x00, 0xE0, 0x00, 0x00, 0x00, 0xE0, 0x00, 0x00, 0x00, 0xE0, 0x00, 0x00,
    0x00, 0xE0, 0x00, 0x00, 0x00, 0xE0, 0x00, 0x00, 0x00, 0xE0, 0x00, 0x00, 0x00, 0xE0, 0x00, 0x00,
    0x00, 0xE0, 0x00, 0x00, 0x00, 0xE0, 0x00, 0x00, 0x00, 0xE0, 0x00, 0x00, 0x00, 0xE0, 0x00, 0x00,
    0x00, 0xE0, 0x00, 0x00, 0x00, 0xE0, 0x00, 0x00, 0x00, 0xE0, 0x00, 0x00, 0x00, 0xE0, 0x00, 0x00,
    0x00, 0xE0, 0x00, 0x00, 0x00, 0xE0, 0x00, 0x00, 0x00, 0xE0, 0x00, 0x00, 0x00, 0xE0, 0x00, 0x00,
    0x00, 0xE0, 0x00, 0x00, 0x00, 0xE0, 0x00, 0x00, 0x00, 0xE0, 0x00, 0x00, 0x00, 0xE0, 0x00, 0x00,
    0x00, 0xE0, 0x00, 0x00, 0x00, 0xE0, 0x00, 0x00, 0x00, 0xE0, 0x00, 0x00, 0x00, 0xE0, 0x00, 0x00,
    0x00, 0xE0, 0x00, 0x00, 0x00, 0xE0, 0x00, 0x00, 0x00, 0xE0, 0x00, 0x00, 0x00, 0xE0, 0x00, 0x00,
    0x00, 0xE0, 0x00, 0x00, 0x00, 0xE0, 0x00, 0x00, 0x00, 0xE0, 0x00, 0x00, 0x00, 0xE0, 0x00, 0x00,
    0x00, 0xE0, 0x00, 0x00, 0x00, 0xE0, 0x00, 0x00, 0x00, 0xE0, 0x00, 0x00, 0x00, 0xE0, 0x00, 0x00,
    0x00, 0xE0, 0x00, 0x00, 0x00, 0xE0, 0x00, 0x00, 0x00, 0xE0, 0x00, 0x00, 0x00, 0xE0, 0x00, 0x00,
    0x00, 0xE0, 0x00, 0x00, 0x00, 0xE0, 0x00, 0x00, 0x00, 0xE0, 0x00, 0x00, 0x01, 0x00, 0x00, 0x00,
    0xA8, 0x09, 0x00, 0x00, 0x00, 0x00, 0x00, 0x00, 0x00, 0xE0, 0x00, 0x00, 0x00, 0xE0, 0x00, 0x00,
    0x00, 0xE0, 0x00, 0x00, 0x04, 0x00, 0x2F, 0x00, 0x00, 0xC0, 0x00, 0xE0, 0x00, 0xE0, 0x00, 0x00,
    0x00, 0xE0, 0x00, 0x00, 0x00, 0xE0, 0x00, 0x00, 0x00, 0xE0, 0x00, 0x00, 0x00, 0xE0, 0x00, 0x00,
    0x00, 0xE0, 0x00, 0x00, 0x00, 0xE0, 0x00, 0x00, 0x00, 0xE0, 0x00, 0x00, 0x00, 0xE0, 0x00, 0x00,
    0x00, 0xE0, 0x00, 0x00, 0x00, 0xE0, 0x00, 0x00, 0x00, 0xE0, 0x00, 0x00, 0x30, 0x00, 0x31, 0x00,
    0x00, 0xC0, 0x00, 0xE0, 0x00, 0xE0, 0x00, 0x00, 0x00, 0xE0, 0x00, 0x00, 0x00, 0xE0, 0x00, 0x00,
    0x00, 0xE0, 0x00, 0x00, 0x00, 0xE0, 0x00, 0x00, 0x00, 0xE0, 0x00, 0x00, 0x00, 0xE0, 0x00, 0x00,
    0x00, 0xE0, 0x00, 0x00, 0x00, 0xE0, 0x00, 0x00, 0x01, 0x00, 0x00, 0x00, 0x30, 0x09, 0x00, 0x00,
    0x00, 0x00, 0x00, 0x00, 0x00, 0xE0, 0x00, 0x00, 0x00, 0xE0, 0x00, 0x00, 0x00, 0xE0, 0x00, 0x00,
    0x07, 0x00, 0x32, 0x00, 0x00, 0xC0, 0x00, 0xE0, 0x00, 0x00, 0x00, 0x00, 0x00, 0x00, 0x00, 0x00,
    0x01, 0x00, 0x00, 0x00, 0x00, 0x00, 0x00, 0x00, 0x05, 0x00, 0x00, 0x00, 0x04, 0x09, 0x00, 0x00,
    0x00, 0x00, 0x00, 0x00, 0x00, 0x00, 0x00, 0x00, 0x01, 0x00, 0x00, 0x00, 0x13, 0x00, 0x00, 0x00,
    0x02, 0x00, 0x00, 0x00, 0x00, 0x09, 0x00, 0x00, 0x00, 0x00, 0x00, 0x00, 0x00, 0x00, 0x00, 0x00,
    0x01, 0x00, 0x00, 0x00, 0x15, 0x00, 0x00, 0x00, 0x02, 0x00, 0x00, 0x00, 0xF0, 0x08, 0x00, 0x00,
    0x01, 0x00, 0x00, 0x00, 0xF0, 0x08, 0x00, 0x00, 0x01, 0x00, 0x00, 0x00, 0x15, 0x00, 0x00, 0x00,
    0x02, 0x00, 0x00, 0x00, 0xE4, 0x08, 0x00, 0x00, 0x00, 0x00, 0x00, 0x00, 0x00, 0x00, 0x00, 0x00,
    0x01, 0x00, 0x00, 0x00, 0x00, 0x00, 0x00, 0x00, 0x05, 0x00, 0x00, 0x00, 0xD4, 0x08, 0x00, 0x00,
    0x00, 0xE0, 0x00, 0x00, 0x00, 0xE0, 0x00, 0x00, 0x00, 0xE0, 0x00, 0x00, 0x00, 0xE0, 0x00, 0x00,
    0x00, 0xE0, 0x00, 0x00, 0x00, 0xE0, 0x00, 0x00, 0x00, 0xE0, 0x00, 0x00, 0x35, 0x00, 0x00, 0xE0,
    0x00, 0xE0, 0x00, 0x00, 0x00, 0xE0, 0x00, 0x00, 0x00, 0xE0, 0x00, 0x00, 0x00, 0xE0, 0x00, 0x00,
    0x00, 0xE0, 0x00, 0x00, 0x00, 0xE0, 0x00, 0x00, 0x00, 0xE0, 0x00, 0x00, 0x00, 0xE0, 0x00, 0x00,
    0x00, 0xE0, 0x00, 0x00, 0x00, 0xE0, 0x00, 0x00, 0x00, 0xE0, 0x00, 0x00, 0x00, 0xE0, 0x00, 0x00,
    0x00, 0xE0, 0x00, 0x00, 0x00, 0xE0, 0x00, 0x00, 0x00, 0xE0, 0x00, 0x00, 0x00, 0xE0, 0x00, 0x00,
    0x00, 0xE0, 0x00, 0x00, 0x00, 0xE0, 0x00, 0x00, 0x00, 0xE0, 0x00, 0x00, 0x00, 0xE0, 0x00, 0x00,
    0x00, 0xE0, 0x00, 0x00, 0x00, 0xE0, 0x00, 0x00, 0x00, 0xE0, 0x00, 0x00, 0x00, 0xE0, 0x00, 0x00,
    0x00, 0xE0, 0x00, 0x00, 0x00, 0xE0, 0x00, 0x00, 0x00, 0xE0, 0x00, 0x00, 0x00, 0xE0, 0x00, 0x00,
    0x00, 0xE0, 0x00, 0x00, 0x00, 0xE0, 0x00, 0x00, 0x00, 0xE0, 0x00, 0x00, 0x00, 0xE0, 0x00, 0x00,
    0x00, 0xE0, 0x00, 0x00, 0x00, 0xE0, 0x00, 0x00, 0x00, 0xE0, 0x00, 0x00, 0x00, 0xE0, 0x00, 0x00,
    0x00, 0xE0, 0x00, 0x00, 0x00, 0xE0, 0x00, 0x00, 0x00, 0xE0, 0x00, 0x00, 0x00, 0xE0, 0x00, 0x00,
    0x00, 0xE0, 0x00, 0x00, 0x00, 0xE0, 0x00, 0x00, 0x00, 0xE0, 0x00, 0x00, 0x00, 0xE0, 0x00, 0x00,
    0x00, 0xE0, 0x00, 0x00, 0x00, 0xE0, 0x00, 0x00, 0x00, 0xE0, 0x00, 0x00, 0x00, 0xE0, 0x00, 0x00,
    0x00, 0xE0, 0x00, 0x00, 0x00, 0xE0, 0x00, 0x00, 0x00, 0xE0, 0x00, 0x00, 0x00, 0xE0, 0x00, 0x00,
    0x00, 0xE0, 0x00, 0x00, 0x00, 0xE0, 0x00, 0x00, 0x00, 0xE0, 0x00, 0x00, 0x00, 0xE0, 0x00, 0x00,
    0x00, 0xE0, 0x00, 0x00, 0x00, 0xE0, 0x00, 0x00, 0x00, 0xE0, 0x00, 0x00, 0x00, 0xE0, 0x00, 0x00,
    0x00, 0xE0, 0x00, 0x00, 0x36, 0x00, 0x00, 0xE0, 0x00, 0xE0, 0x00, 0x00, 0x00, 0xE0, 0x00, 0x00,
    0x00, 0xE0, 0x00, 0x00, 0x00, 0xE0, 0x00, 0x00, 0x00, 0xE0, 0x00, 0x00, 0x00, 0xE0, 0x00, 0x00,
    0x00, 0xE0, 0x00, 0x00, 0x00, 0xE0, 0x00, 0x00, 0x00, 0xE0, 0x00, 0x00, 0x00, 0xE0, 0x00, 0x00,
    0x00, 0xE0, 0x00, 0x00, 0x00, 0xE0, 0x00, 0x00, 0x00, 0xE0, 0x00, 0x00, 0x0A, 0x00, 0x00, 0xE0,
    0x00, 0xE0, 0x00, 0x00, 0x00, 0xE0, 0x00, 0x00, 0x00, 0xE0, 0x00, 0x00, 0x00, 0xE0, 0x00, 0x00,
    0x00, 0xE0, 0x00, 0x00, 0x00, 0xE0, 0x00, 0x00, 0x00, 0xE0, 0x00, 0x00, 0x00, 0xE0, 0x00, 0x00,
    0x00, 0xE0, 0x00, 0x00, 0x00, 0xE0, 0x00, 0x00, 0x37, 0x00, 0x00, 0xE0, 0x00, 0xE0, 0x00, 0x00,
    0x00, 0xE0, 0x00, 0x00, 0x00, 0xE0, 0x00, 0x00, 0x00, 0xE0, 0x00, 0x00, 0x00, 0xE0, 0x00, 0x00,
    0x00, 0xE0, 0x00, 0x00, 0x00, 0xE0, 0x00, 0x00, 0x00, 0xE0, 0x00, 0x00, 0x00, 0xE0, 0x00, 0x00,
    0x00, 0x20, 0x00, 0xE0, 0x00, 0xE0, 0x00, 0x00, 0x00, 0xE0, 0x00, 0x00, 0x00, 0xE0, 0x00, 0x00,
    0x00, 0xE0, 0x00, 0x00, 0x00, 0xE0, 0x00, 0x00, 0x00, 0xE0, 0x00, 0x00, 0x00, 0xE0, 0x00, 0x00,
    0x38, 0x00, 0x00, 0xE0, 0x00, 0xE0, 0x00, 0x00, 0x00, 0xE0, 0x00, 0x00, 0x00, 0xE0, 0x00, 0x00,
    0x00, 0xE0, 0x00, 0x00, 0x00, 0xE0, 0x00, 0x00, 0x00, 0xE0, 0x00, 0x00, 0x00, 0xE0, 0x00, 0x00,
    0x00, 0xE0, 0x00, 0x00, 0x00, 0xE0, 0x00, 0x00, 0x00, 0xE0, 0x00, 0x00, 0x00, 0xE0, 0x00, 0x00,
    0x00, 0xE0, 0x00, 0x00, 0x00, 0xE0, 0x00, 0x00, 0x39, 0x00, 0x00, 0xE0, 0x00, 0xE0, 0x00, 0x00,
    0x00, 0xE0, 0x00, 0x00, 0x00, 0xE0, 0x00, 0x00, 0x00, 0xE0, 0x00, 0x00, 0x00, 0xE0, 0x00, 0x00,
    0x00, 0xE0, 0x00, 0x00, 0x00, 0xE0, 0x00, 0x00, 0x00, 0xE0, 0x00, 0x00, 0x00, 0xE0, 0x00, 0x00,
    0x00, 0xE0, 0x00, 0x00, 0x00, 0xE0, 0x00, 0x00, 0x00, 0xE0, 0x00, 0x00, 0x00, 0xE0, 0x00, 0x00,
    0x3A, 0x00, 0x00, 0xE0, 0x00, 0xE0, 0x00, 0x00, 0x00, 0xE0, 0x00, 0x00, 0x00, 0xE0, 0x00, 0x00,
    0x00, 0xE0, 0x00, 0x00, 0x00, 0xE0, 0x00, 0x00, 0x00, 0xE0, 0x00, 0x00, 0x00, 0xE0, 0x00, 0x00,
    0x00, 0xE0, 0x00, 0x00, 0x00, 0xE0, 0x00, 0x00, 0x00, 0xE0, 0x00, 0x00, 0x3B, 0x00, 0x00, 0xE0,
    0x00, 0xE0, 0x00, 0x00, 0x00, 0xE0, 0x00, 0x00, 0x00, 0xE0, 0x00, 0x00, 0x00, 0xE0, 0x00, 0x00,
    0x00, 0xE0, 0x00, 0x00, 0x00, 0xE0, 0x00, 0x00, 0x00, 0xE0, 0x00, 0x00, 0x00, 0xE0, 0x00, 0x00,
    0x00, 0xE0, 0x00, 0x00, 0x00, 0xE0, 0x00, 0x00, 0x00, 0xE0, 0x00, 0x00, 0x00, 0xE0, 0x00, 0x00,
    0x00, 0xE0, 0x00, 0x00, 0x00, 0xE0, 0x00, 0x00, 0x00, 0xE0, 0x00, 0x00, 0x00, 0xE0, 0x00, 0x00,
    0x00, 0xE0, 0x00, 0x00, 0x00, 0xE0, 0x00, 0x00, 0x00, 0xE0, 0x00, 0x00, 0x00, 0xE0, 0x00, 0x00,
    0x00, 0xE0, 0x00, 0x00, 0x00, 0xE0, 0x00, 0x00, 0x00, 0xE0, 0x00, 0x00, 0x00, 0xE0, 0x00, 0x00,
    0x00, 0xE0, 0x00, 0x00, 0x00, 0xE0, 0x00, 0x00, 0x00, 0xE0, 0x00, 0x00, 0x00, 0xE0, 0x00, 0x00,
    0x00, 0xE0, 0x00, 0x00, 0x00, 0xE0, 0x00, 0x00, 0x00, 0xE0, 0x00, 0x00, 0x00, 0xE0, 0x00, 0x00,
    0x00, 0xE0, 0x00, 0x00, 0x00, 0xE0, 0x00, 0x00, 0x00, 0xE0, 0x00, 0x00, 0x00, 0xE0, 0x00, 0x00,
    0x00, 0xE0, 0x00, 0x00, 0x00, 0xE0, 0x00, 0x00, 0x00, 0xE0, 0x00, 0x00, 0x00, 0xE0, 0x00, 0x00,
    0x00, 0xE0, 0x00, 0x00, 0x00, 0xE0, 0x00, 0x00, 0x00, 0xE0, 0x00, 0x00, 0x00, 0xE0, 0x00, 0x00,
    0x00, 0xE0, 0x00, 0x00, 0x00, 0xE0, 0x00, 0x00, 0x00, 0xE0, 0x00, 0x00, 0x00, 0xE0, 0x00, 0x00,
    0x00, 0xE0, 0x00, 0x00, 0x00, 0xE0, 0x00, 0x00, 0x00, 0xE0, 0x00, 0x00, 0x00, 0xE0, 0x00, 0x00,
    0x00, 0xE0, 0x00, 0x00, 0x00, 0xE0, 0x00, 0x00, 0x00, 0xE0, 0x00, 0x00, 0x00, 0xE0, 0x00, 0x00,
    0x00, 0xE0, 0x00, 0x00, 0x00, 0xE0, 0x00, 0x00, 0x00, 0xE0, 0x00, 0x00, 0x00, 0xE0, 0x00, 0x00,
    0x00, 0xE0, 0x00, 0x00, 0x3C, 0x00, 0x00, 0xE0, 0x00, 0xE0, 0x00, 0x00, 0x00, 0xE0, 0x00, 0x00,
    0x00, 0xE0, 0x00, 0x00, 0x00, 0xE0, 0x00, 0x00, 0x00, 0xE0, 0x00, 0x00, 0x00, 0xE0, 0x00, 0x00,
    0x00, 0xE0, 0x00, 0x00, 0x00, 0xE0, 0x00, 0x00, 0x00, 0xE0, 0x00, 0x00, 0x00, 0xE0, 0x00, 0x00,
    0x00, 0xE0, 0x00, 0x00, 0x00, 0xE0, 0x00, 0x00, 0x00, 0xE0, 0x00, 0x00, 0x3D, 0x00, 0x00, 0xE0,
    0x00, 0xE0, 0x00, 0x00, 0x00, 0xE0, 0x00, 0x00, 0x00, 0xE0, 0x00, 0x00, 0x00, 0xE0, 0x00, 0x00,
    0x00, 0xE0, 0x00, 0x00, 0x00, 0xE0, 0x00, 0x00, 0x00, 0xE0, 0x00, 0x00, 0x00, 0xE0, 0x00, 0x00,
    0x00, 0xE0, 0x00, 0x00, 0x00, 0xE0, 0x00, 0x00, 0x00, 0xE0, 0x00, 0x00, 0x00, 0xE0, 0x00, 0x00,
    0x3E, 0x00, 0x3F, 0x00, 0x00, 0xC0, 0x00, 0xE0, 0x00, 0xE0, 0x00, 0x00, 0x00, 0xE0, 0x00, 0x00,
    0x00, 0xE0, 0x00, 0x00, 0x00, 0xE0, 0x00, 0x00, 0x00, 0xE0, 0x00, 0x00, 0x00, 0xE0, 0x00, 0x00,
    0x00, 0xE0, 0x00, 0x00, 0x00, 0xE0, 0x00, 0x00, 0x00, 0xE0, 0x00, 0x00, 0x30, 0x00, 0x40, 0x00,
    0x00, 0xC0, 0x00, 0xE0, 0x00, 0xE0, 0x00, 0x00, 0x00, 0xE0, 0x00, 0x00, 0x00, 0xE0, 0x00, 0x00,
    0x00, 0xE0, 0x00, 0x00, 0x00, 0xE0, 0x00, 0x00, 0x00, 0xE0, 0x00, 0x00, 0x00, 0xE0, 0x00, 0x00,
    0x00, 0xE0, 0x00, 0x00, 0x00, 0xE0, 0x00, 0x00, 0x0B, 0x00, 0x41, 0x00, 0x00, 0xC0, 0x00, 0xE0,
    0x00, 0xE0, 0x00, 0x00, 0x00, 0xE0, 0x00, 0x00, 0x00, 0xE0, 0x00, 0x00, 0x00, 0xE0, 0x00, 0x00,
    0x00, 0xE0, 0x00, 0x00, 0x00, 0xE0, 0x00, 0x00, 0x00, 0xE0, 0x00, 0x00, 0x00, 0xE0, 0x00, 0x00,
    0x00, 0xE0, 0x00, 0x00, 0x00, 0xE0, 0x00, 0x00, 0x00, 0xE0, 0x00, 0x00, 0x00, 0xE0, 0x00, 0x00,
    0x00, 0xE0, 0x00, 0x00, 0x00, 0xE0, 0x00, 0x00, 0x00, 0xE0, 0x00, 0x00, 0x00, 0xE0, 0x00, 0x00,
    0x00, 0xE0, 0x00, 0x00, 0x00, 0xE0, 0x00, 0x00, 0x00, 0xE0, 0x00, 0x00, 0x00, 0xE0, 0x00, 0x00,
    0x00, 0xE0, 0x00, 0x00, 0x00, 0xE0, 0x00, 0x00, 0x42, 0x00, 0x00, 0xE0, 0x00, 0xE0, 0x00, 0x00,
    0x00, 0xE0, 0x00, 0x00, 0x00, 0xE0, 0x00, 0x00, 0x00, 0xE0, 0x00, 0x00, 0x00, 0xE0, 0x00, 0x00,
    0x00, 0xE0, 0x00, 0x00, 0x00, 0xE0, 0x00, 0x00, 0x00, 0xE0, 0x00, 0x00, 0x00, 0xE0, 0x00, 0x00,
    0x00, 0xE0, 0x00, 0x00, 0x00, 0xE0, 0x00, 0x00, 0x00, 0xE0, 0x00, 0x00, 0x00, 0xE0, 0x00, 0x00,
    0x00, 0xE0, 0x00, 0x00, 0x00, 0xE0, 0x00, 0x00, 0x00, 0xE0, 0x00, 0x00, 0x00, 0xE0, 0x00, 0x00,
    0x00, 0xE0, 0x00, 0x00, 0x00, 0xE0, 0x00, 0x00, 0x00, 0xE0, 0x00, 0x00, 0x00, 0xE0, 0x00, 0x00,
    0x00, 0xE0, 0x00, 0x00, 0x00, 0xE0, 0x00, 0x00, 0x00, 0xE0, 0x00, 0x00, 0x00, 0xE0, 0x00, 0x00,
    0x00, 0xE0, 0x00, 0x00, 0x00, 0xE0, 0x00, 0x00, 0x00, 0xE0, 0x00, 0x00, 0x00, 0xE0, 0x00, 0x00,
    0x00, 0xE0, 0x00, 0x00, 0x00, 0xE0, 0x00, 0x00, 0x00, 0xE0, 0x00, 0x00, 0x00, 0xE0, 0x00, 0x00,
    0x00, 0xE0, 0x00, 0x00, 0x00, 0xE0, 0x00, 0x00, 0x00, 0xE0, 0x00, 0x00, 0x00, 0xE0, 0x00, 0x00,
    0x00, 0xE0, 0x00, 0x00, 0x00, 0xE0, 0x00, 0x00, 0x00, 0xE0, 0x00, 0x00, 0x00, 0xE0, 0x00, 0x00,
    0x00, 0xE0, 0x00, 0x00, 0x00, 0xE0, 0x00, 0x00, 0x00, 0xE0, 0x00, 0x00, 0x00, 0xE0, 0x00, 0x00,
    0x00, 0xE0, 0x00, 0x00, 0x00, 0xE0, 0x00, 0x00, 0x00, 0xE0, 0x00, 0x00, 0x00, 0xE0, 0x00, 0x00,
    0x00, 0xE0, 0x00, 0x00, 0x00, 0xE0, 0x00, 0x00, 0x00, 0xE0, 0x00, 0x00, 0x00, 0xE0, 0x00, 0x00,
    0x00, 0xE0, 0x00, 0x00, 0x00, 0xE0, 0x00, 0x00, 0x43, 0x00, 0x00, 0xE0, 0x00, 0xE0, 0x00, 0x00,
    0x00, 0xE0, 0x00, 0x00, 0x00, 0xE0, 0x00, 0x00, 0x00, 0xE0, 0x00, 0x00, 0x00, 0xE0, 0x00, 0x00,
    0x00, 0xE0, 0x00, 0x00, 0x00, 0xE0, 0x00, 0x00, 0x00, 0xE0, 0x00, 0x00, 0x00, 0xE0, 0x00, 0x00,
    0x00, 0xE0, 0x00, 0x00, 0x00, 0xE0, 0x00, 0x00, 0x00, 0xE0, 0x00, 0x00, 0x00, 0xE0, 0x00, 0x00,
    0x00, 0xE0, 0x00, 0x00, 0x00, 0xE0, 0x00, 0x00, 0x00, 0xE0, 0x00, 0x00, 0x00, 0xE0, 0x00, 0x00,
    0x00, 0xE0, 0x00, 0x00, 0x00, 0xE0, 0x00, 0x00, 0x00, 0xE0, 0x00, 0x00, 0x00, 0xE0, 0x00, 0x00,
    0x00, 0xE0, 0x00, 0x00, 0x00, 0xE0, 0x00, 0x00, 0x00, 0xE0, 0x00, 0x00, 0x00, 0xE0, 0x00, 0x00,
    0x00, 0xE0, 0x00, 0x00, 0x00, 0xE0, 0x00, 0x00, 0x00, 0xE0, 0x00, 0x00, 0x44, 0x00, 0x00, 0xE0,
    0x00, 0xE0, 0x00, 0x00, 0x00, 0xE0, 0x00, 0x00, 0x00, 0xE0, 0x00, 0x00, 0x00, 0xE0, 0x00, 0x00,
    0x00, 0xE0, 0x00, 0x00, 0x00, 0xE0, 0x00, 0x00, 0x00, 0xE0, 0x00, 0x00, 0x00, 0xE0, 0x00, 0x00,
    0x00, 0xE0, 0x00, 0x00, 0x00, 0xE0, 0x00, 0x00, 0x00, 0xE0, 0x00, 0x00, 0x00, 0xE0, 0x00, 0x00,
    0x00, 0xE0, 0x00, 0x00, 0x00, 0xE0, 0x00, 0x00, 0x00, 0xE0, 0x00, 0x00, 0x00, 0xE0, 0x00, 0x00,
    0x00, 0xE0, 0x00, 0x00, 0x00, 0xE0, 0x00, 0x00, 0x00, 0xE0, 0x00, 0x00, 0x00, 0xE0, 0x00, 0x00,
    0x00, 0xE0, 0x00, 0x00, 0x01, 0x60, 0x00, 0xE0, 0x00, 0xE0, 0x00, 0x00, 0x00, 0xE0, 0x00, 0x00,
    0x00, 0xE0, 0x00, 0x00, 0x00, 0xE0, 0x00, 0x00, 0x00, 0xE0, 0x00, 0x00, 0x00, 0xE0, 0x00, 0x00,
    0x00, 0x40, 0x00, 0xE0, 0x00, 0xE0, 0x00, 0x00, 0x00, 0xE0, 0x00, 0x00, 0x00, 0xE0, 0x00, 0x00,
    0x00, 0x60, 0x00, 0xE0, 0x00, 0xE0, 0x00, 0x00, 0x00, 0xE0, 0x00, 0x00, 0x00, 0xE0, 0x00, 0x00,
    0x00, 0xE0, 0x00, 0x00, 0x00, 0xE0, 0x00, 0x00, 0x00, 0xE0, 0x00, 0x00, 0x02, 0x40, 0x45, 0x00,
    0x00, 0xC0, 0x00, 0x40, 0x00, 0xC0, 0x00, 0xE0, 0x00, 0xE0, 0x00, 0x00, 0x00, 0xE0, 0x00, 0x00,
    0x00, 0xE0, 0x00, 0x00, 0x00, 0xE0, 0x00, 0x00, 0x00, 0xE0, 0x00, 0x00, 0x00, 0xE0, 0x00, 0x00,
    0x01, 0x40, 0x00, 0xE0, 0x00, 0xE0, 0x00, 0x00, 0x00, 0xE0, 0x00, 0x00, 0x00, 0xE0, 0x00, 0x00,
    0x00, 0xE0, 0x00, 0x00, 0x00, 0xE0, 0x00, 0x00, 0x00, 0xE0, 0x00, 0x00, 0x00, 0xE0, 0x00, 0x00,
    0x00, 0xE0, 0x00, 0x00, 0x00, 0xE0, 0x00, 0x00, 0x00, 0x40, 0x00, 0xE0, 0x00, 0xE0, 0x00, 0x00,
    0x00, 0xE0, 0x00, 0x00, 0x00, 0xE0, 0x00, 0x00, 0x00, 0xE0, 0x00, 0x00, 0x00, 0xE0, 0x00, 0x00,
    0x00, 0xE0, 0x00, 0x00, 0x04, 0x40, 0x00, 0xE0, 0x00, 0xE0, 0x00, 0x00, 0x00, 0xE0, 0x00, 0x00,
    0x00, 0xE0, 0x00, 0x00, 0x03, 0x40, 0x46, 0x00, 0x00, 0xC0, 0x01, 0x40, 0x00, 0xC0, 0x00, 0xE0,
    0x00, 0xE0, 0x00, 0x00, 0x00, 0xE0, 0x00, 0x00, 0x00, 0xE0, 0x00, 0x00, 0x02, 0x40, 0x00, 0xE0,
    0x00, 0xE0, 0x00, 0x00, 0x00, 0xE0, 0x00, 0x00, 0x00, 0xE0, 0x00, 0x00, 0x00, 0xE0, 0x00, 0x00,
    0x00, 0xE0, 0x00, 0x00, 0x00, 0xE0, 0x00, 0x00, 0x00, 0xE0, 0x00, 0x00, 0x00, 0xE0, 0x00, 0x00,
    0x00, 0xE0, 0x00, 0x00, 0x47, 0x00, 0x00, 0xE0, 0x01, 0x00, 0x00, 0x00, 0xB8, 0x01, 0x00, 0x00,
    0x01, 0x00, 0x00, 0x00, 0x01, 0x00, 0x00, 0x00, 0xB0, 0x01, 0x00, 0x00, 0x01, 0x00, 0x00, 0x00,
    0x2C, 0x00, 0x00, 0x00, 0x08, 0x00, 0x00, 0x00, 0xA4, 0x01, 0x00, 0x00, 0x00, 0x00, 0x00, 0x00,
    0x00, 0x00, 0x00, 0x00, 0x01, 0x00, 0x00, 0x00, 0x0E, 0x00, 0x00, 0x00, 0x02, 0x00, 0x00, 0x00,
    0xAC, 0x01, 0x00, 0x00, 0xB0, 0x01, 0x00, 0x00, 0xB0, 0x01, 0x00, 0x00, 0xB0, 0x01, 0x00, 0x00,
    0xB0, 0x01, 0x00, 0x00, 0xB0, 0x01, 0x00, 0x00, 0xB0, 0x01, 0x00, 0x00, 0xB0, 0x01, 0x00, 0x00,
    0xB0, 0x01, 0x00, 0x00, 0xB0, 0x01, 0x00, 0x00, 0xB0, 0x01, 0x00, 0x00, 0xB0, 0x01, 0x00, 0x00,
    0xB0, 0x01, 0x00, 0x00, 0xB0, 0x01, 0x00, 0x00, 0xB0, 0x01, 0x00, 0x00, 0xB0, 0x01, 0x00, 0x00,
    0xB0, 0x01, 0x00, 0x00, 0xB0, 0x01, 0x00, 0x00, 0xB0, 0x01, 0x00, 0x00, 0xB0, 0x01, 0x00, 0x00,
    0xB0, 0x01, 0x00, 0x00, 0xB0, 0x01, 0x00, 0x00, 0xB0, 0x01, 0x00, 0x00, 0xB0, 0x01, 0x00, 0x00,
    0xB0, 0x01, 0x00, 0x00, 0xB0, 0x01, 0x00, 0x00, 0xB0, 0x01, 0x00, 0x00, 0xB0, 0x01, 0x00, 0x00,
    0xB0, 0x01, 0x00, 0x00, 0xB0, 0x01, 0x00, 0x00, 0xB0, 0x01, 0x00, 0x00, 0xB0, 0x01, 0x00, 0x00,
    0xB0, 0x01, 0x00, 0x00, 0xB0, 0x01, 0x00, 0x00, 0xB0, 0x01, 0x00, 0x00, 0xB0, 0x01, 0x00, 0x00,
    0xB0, 0x01, 0x00, 0x00, 0xB0, 0x01, 0x00, 0x00, 0xB0, 0x01, 0x00, 0x00, 0xB0, 0x01, 0x00, 0x00,
    0xB0, 0x01, 0x00, 0x00, 0xB0, 0x01, 0x00, 0x00, 0xB0, 0x01, 0x00, 0x00, 0xB0, 0x01, 0x00, 0x00,
    0xB0, 0x01, 0x00, 0x00, 0xB0, 0x01, 0x00, 0x00, 0xB0, 0x01, 0x00, 0x00, 0xB0, 0x01, 0x00, 0x00,
    0xB0, 0x01, 0x00, 0x00, 0xB0, 0x01, 0x00, 0x00, 0xB0, 0x01, 0x00, 0x00, 0xB0, 0x01, 0x00, 0x00,
    0xB0, 0x01, 0x00, 0x00, 0xB0, 0x01, 0x00, 0x00, 0xB0, 0x01, 0x00, 0x00, 0xB0, 0x01, 0x00, 0x00,
    0xB0, 0x01, 0x00, 0x00, 0xB0, 0x01, 0x00, 0x00, 0xB0, 0x01, 0x00, 0x00, 0xB0, 0x01, 0x00, 0x00,
    0xB0, 0x01, 0x00, 0x00, 0xB0, 0x01, 0x00, 0x00, 0xB0, 0x01, 0x00, 0x00, 0xB0, 0x01, 0x00, 0x00,
    0xB0, 0x01, 0x00, 0x00, 0xB0, 0x01, 0x00, 0x00, 0xB0, 0x01, 0x00, 0x00, 0xB0, 0x01, 0x00, 0x00,
    0xB0, 0x01, 0x00, 0x00, 0xB0, 0x01, 0x00, 0x00, 0xB0, 0x01, 0x00, 0x00, 0xB0, 0x01, 0x00, 0x00,
    0xB0, 0x01, 0x00, 0x00, 0xB0, 0x01, 0x00, 0x00, 0xB0, 0x01, 0x00, 0x00, 0xB0, 0x01, 0x00, 0x00,
    0xB0, 0x01, 0x00, 0x00, 0xB0, 0x01, 0x00, 0x00, 0xB0, 0x01, 0x00, 0x00, 0xB0, 0x01, 0x00, 0x00,
    0xB0, 0x01, 0x00, 0x00, 0xB0, 0x01, 0x00, 0x00, 0xB0, 0x01, 0x00, 0x00, 0xB0, 0x01, 0x00, 0x00,
    0xB0, 0x01, 0x00, 0x00, 0xB0, 0x01, 0x00, 0x00, 0xB0, 0x01, 0x00, 0x00, 0xB0, 0x01, 0x00, 0x00,
    0xB0, 0x01, 0x00, 0x00, 0xB0, 0x01, 0x00, 0x00, 0xB0, 0x01, 0x00, 0x00, 0xB0, 0x01, 0x00, 0x00,
    0xB0, 0x01, 0x00, 0x00, 0xB0, 0x01, 0x00, 0x00, 0xB0, 0x01, 0x00, 0x00, 0xB0, 0x01, 0x00, 0x00,
    0xB0, 0x01, 0x00, 0x00, 0xB0, 0x01, 0x00, 0x00, 0xB0, 0x01, 0x00, 0x00, 0xB0, 0x01, 0x00, 0x00,
    0xB4, 0x01, 0x00, 0x00, 0xB4, 0x01, 0x00, 0x00, 0xB4, 0x01, 0x00, 0x00, 0xB4, 0x01, 0x00, 0x00,
    0xB4, 0x01, 0x00, 0x00, 0xB4, 0x01, 0x00, 0x00, 0xB4, 0x01, 0x00, 0x00, 0xB4, 0x01, 0x00, 0x00,
    0xB8, 0x01, 0x00, 0x00, 0x2C, 0x00, 0x00, 0x00, 0x2D, 0x00, 0x01, 0x00, 0x2B, 0x00, 0x02, 0x00,
    0x2A, 0x00, 0x03, 0x00, 0x30, 0x00, 0x04, 0x00, 0x28, 0x00, 0x05, 0x00, 0x27, 0x00, 0x06, 0x00,
    0x29, 0x00, 0x07, 0x00, 0x2F, 0x00, 0x08, 0x00, 0x2E, 0x00, 0x09, 0x00, 0x0C, 0x00, 0x00, 0xE0,
    0x0D, 0x00, 0x00, 0xE0, 0x0E, 0x00, 0x00, 0xE0, 0x0F, 0x00, 0x00, 0xE0, 0x10, 0x00, 0x00, 0xE0,
    0x11, 0x00, 0x00, 0xE0, 0x0D, 0x00, 0x00, 0xE0, 0x0E, 0x00, 0x00, 0xE0, 0x0F, 0x00, 0x00, 0xE0,
    0x10, 0x00, 0x00, 0xE0, 0x12, 0x00, 0x00, 0xE0, 0x0D, 0x00, 0x00, 0xE0, 0x0E, 0x00, 0x00, 0xE0,
    0x0F, 0x00, 0x00, 0xE0, 0x10, 0x00, 0x00, 0xE0, 0x13, 0x00, 0x00, 0xE0, 0x0D, 0x00, 0x00, 0xE0,
    0x0E, 0x00, 0x00, 0xE0, 0x0F, 0x00, 0x00, 0xE0, 0x10, 0x00, 0x00, 0xE0, 0x14, 0x00, 0x00, 0xE0,
    0x0D, 0x00, 0x00, 0xE0, 0x0E, 0x00, 0x00, 0xE0, 0x0F, 0x00, 0x00, 0xE0, 0x10, 0x00, 0x00, 0xE0,
    0x0F, 0x00, 0x00, 0xE0, 0x15, 0x00, 0x00, 0xE0, 0x16, 0x00, 0x00, 0xE0, 0x0D, 0x00, 0x00, 0xE0,
    0x0E, 0x00, 0x00, 0xE0, 0x0F, 0x00, 0x00, 0xE0, 0x10, 0x00, 0x00, 0xE0, 0x17, 0x00, 0x00, 0xE0,
    0x0D, 0x00, 0x00, 0xE0, 0x0E, 0x00, 0x00, 0xE0, 0x0F, 0x00, 0x00, 0xE0, 0x10, 0x00, 0x00, 0xE0,
    0x18, 0x00, 0x00, 0xE0, 0x0D, 0x00, 0x00, 0xE0, 0x0E, 0x00, 0x00, 0xE0, 0x0F, 0x00, 0x00, 0xE0,
    0x10, 0x00, 0x00, 0xE0, 0x19, 0x00, 0x00, 0xE0, 0x0D, 0x00, 0x00, 0xE0, 0x0E, 0x00, 0x00, 0xE0,
    0x0F, 0x00, 0x00, 0xE0, 0x10, 0x00, 0x00, 0xE0, 0x07, 0x00, 0x00, 0x00, 0x1B, 0x00, 0x00, 0xE0,
    0x1C, 0x00, 0x00, 0xE0, 0x1D, 0x00, 0x00, 0xE0, 0x0F, 0x00, 0x00, 0xE0, 0x10, 0x00, 0x00, 0xE0,
    0x1A, 0x00, 0x00, 0x00, 0x1B, 0x00, 0x01, 0x00, 0x0F, 0x00, 0x00, 0xE0, 0x15, 0x00, 0x00, 0xE0,
    0x27, 0x00, 0x00, 0xE0, 0x0D, 0x00, 0x00, 0xE0, 0x0E, 0x00, 0x00, 0xE0, 0x0F, 0x00, 0x00, 0xE0,
    0x10, 0x00, 0x00, 0xE0, 0x0D, 0x00, 0x00, 0xE0, 0x0E, 0x00, 0x00, 0xE0, 0x0F, 0x00, 0x00, 0xE0,
    0x4A, 0x00, 0x00, 0x00, 0x49, 0x00, 0x01, 0x00, 0x4B, 0x00, 0x02, 0x00, 0x47, 0x00, 0x03, 0x00,
    0x33, 0x00, 0x00, 0xE0, 0x0D, 0x00, 0x00, 0xE0, 0x0E, 0x00, 0x00, 0xE0, 0x0F, 0x00, 0x00, 0xE0,
    0x10, 0x00, 0x00, 0xE0, 0x49, 0x00, 0x00, 0xE0, 0x10, 0x00, 0x00, 0xE0, 0x49, 0x00, 0x00, 0xE0,
    0x34, 0x00, 0x00, 0xE0, 0x48, 0x00, 0x04, 0x00, 0x49, 0x00, 0x00, 0xE0, 0x0C, 0x00, 0x00, 0xE0,
    0x1C, 0x00, 0x00, 0xE0, 0x0D, 0x00, 0x00, 0xE0, 0x0E, 0x00, 0x00, 0xE0, 0x0F, 0x00, 0x00, 0xE0,
    0x10, 0x00, 0x00, 0xE0, 0x02, 0x00, 0x01, 0x00, 0x00, 0x00, 0x00, 0x00, 0x00, 0x40, 0x52, 0xC0,
    0x00, 0xE0, 0x00, 0x00, 0x48, 0x00, 0x00, 0xE0, 0x0F, 0x00, 0x00, 0xE0, 0x0F, 0x00, 0x00, 0xE0,
    0x47, 0x00, 0x00, 0xE0, 0x10, 0x00, 0x00, 0xE0, 0x15, 0x00, 0x00, 0xE0, 0x33, 0x00, 0x00, 0xE0,
    0x00, 0x40, 0x52, 0xC0, 0x00, 0xE0, 0x00, 0x00, 0x10, 0x00, 0x00, 0xE0, 0x50, 0x01, 0x00, 0x00,
    0x5C, 0x01, 0x00, 0x00, 0x68, 0x01, 0x00, 0x00, 0x74, 0x01, 0x00, 0x00, 0x80, 0x01, 0x00, 0x00,
    0x8C, 0x01, 0x00, 0x00, 0x98, 0x01, 0x00, 0x00, 0xA4, 0x01, 0x00, 0x00, 0xB0, 0x01, 0x00, 0x00,
    0xBC, 0x01, 0x00, 0x00, 0xC8, 0x01, 0x00, 0x00, 0xD4, 0x01, 0x00, 0x00, 0xE0, 0x01, 0x00, 0x00,
    0xEC, 0x01, 0x00, 0x00, 0xF8, 0x01, 0x00, 0x00, 0x04, 0x02, 0x00, 0x00, 0x10, 0x02, 0x00, 0x00,
    0x1C, 0x02, 0x00, 0x00, 0x28, 0x02, 0x00, 0x00, 0x34, 0x02, 0x00, 0x00, 0x40, 0x02, 0x00, 0x00,
    0x4C, 0x02, 0x00, 0x00, 0x58, 0x02, 0x00, 0x00, 0x64, 0x02, 0x00, 0x00, 0x70, 0x02, 0x00, 0x00,
    0x7C, 0x02, 0x00, 0x00, 0x88, 0x02, 0x00, 0x00, 0x94, 0x02, 0x00, 0x00, 0xA0, 0x02, 0x00, 0x00,
    0xAC, 0x02, 0x00, 0x00, 0xB8, 0x02, 0x00, 0x00, 0xC4, 0x02, 0x00, 0x00, 0xD0, 0x02, 0x00, 0x00,
    0xDC, 0x02, 0x00, 0x00, 0xE8, 0x02, 0x00, 0x00, 0xF4, 0x02, 0x00, 0x00, 0x00, 0x03, 0x00, 0x00,
    0x0C, 0x03, 0x00, 0x00, 0x18, 0x03, 0x00, 0x00, 0x24, 0x03, 0x00, 0x00, 0x30, 0x03, 0x00, 0x00,
    0x3C, 0x03, 0x00, 0x00, 0x48, 0x03, 0x00, 0x00, 0x54, 0x03, 0x00, 0x00, 0x60, 0x03, 0x00, 0x00,
    0x6C, 0x03, 0x00, 0x00, 0x78, 0x03, 0x00, 0x00, 0x84, 0x03, 0x00, 0x00, 0x90, 0x03, 0x00, 0x00,
    0x9C, 0x03, 0x00, 0x00, 0xA8, 0x03, 0x00, 0x00, 0xB4, 0x03, 0x00, 0x00, 0xC0, 0x03, 0x00, 0x00,
    0xCC, 0x03, 0x00, 0x00, 0xD8, 0x03, 0x00, 0x00, 0xE4, 0x03, 0x00, 0x00, 0xF0, 0x03, 0x00, 0x00,
    0xFC, 0x03, 0x00, 0x00, 0x08, 0x04, 0x00, 0x00, 0x14, 0x04, 0x00, 0x00, 0x20, 0x04, 0x00, 0x00,
    0x2C, 0x04, 0x00, 0x00, 0x38, 0x04, 0x00, 0x00, 0x44, 0x04, 0x00, 0x00, 0x50, 0x04, 0x00, 0x00,
    0x5C, 0x04, 0x00, 0x00, 0x68, 0x04, 0x00, 0x00, 0x74, 0x04, 0x00, 0x00, 0x80, 0x04, 0x00, 0x00,
    0x8C, 0x04, 0x00, 0x00, 0x98, 0x04, 0x00, 0x00, 0xA4, 0x04, 0x00, 0x00, 0xB0, 0x04, 0x00, 0x00,
    0xBC, 0x04, 0x00, 0x00, 0x03, 0x03, 0x03, 0x03, 0x03, 0x03, 0x03, 0x03, 0x03, 0x03, 0x00, 0x00,
    0x03, 0x00, 0x00, 0x00, 0x03, 0x03, 0x00, 0x00, 0x03, 0x03, 0x03, 0x03, 0x03, 0x00, 0x00, 0x00,
    0x00, 0x00, 0x00, 0x00, 0x01, 0x03, 0x00, 0x00, 0x00, 0x00, 0x00, 0x00, 0x00, 0x00, 0x00, 0x00,
    0x00, 0x00, 0x00, 0x00, 0x00, 0x00, 0x00, 0x00, 0x00, 0x00, 0x00, 0x00, 0x01, 0x00, 0x00, 0x00,
    0x00, 0x00, 0x00, 0x00, 0x00, 0x00, 0x00, 0x00, 0x00, 0x00, 0x00, 0x00, 0x0E, 0x00, 0x00, 0x00,
    0x00, 0x00, 0x00, 0x00, 0x78, 0x04, 0x00, 0x00, 0x00, 0x00, 0x00, 0x00, 0x0E, 0x00, 0x00, 0x00,
    0x00, 0x00, 0x00, 0x00, 0x70, 0x04, 0x00, 0x00, 0x00, 0x00, 0x00, 0x00, 0x0E, 0x00, 0x00, 0x00,
    0x00, 0x00, 0x00, 0x00, 0x64, 0x04, 0x00, 0x00, 0x00, 0x00, 0x00, 0x00, 0x0E, 0x00, 0x00, 0x00,
    0x00, 0x00, 0x00, 0x00, 0x58, 0x04, 0x00, 0x00, 0x00, 0x00, 0x00, 0x00, 0x0E, 0x00, 0x00, 0x00,
    0x00, 0x00, 0x00, 0x00, 0x4C, 0x04, 0x00, 0x00, 0x00, 0x00, 0x00, 0x00, 0x0E, 0x00, 0x00, 0x00,
    0x00, 0x00, 0x00, 0x00, 0x40, 0x04, 0x00, 0x00, 0x00, 0x00, 0x00, 0x00, 0x0E, 0x00, 0x00, 0x00,
    0x00, 0x00, 0x00, 0x00, 0x34, 0x04, 0x00, 0x00, 0x00, 0x00, 0x00, 0x00, 0x0E, 0x00, 0x00, 0x00,
    0x00, 0x00, 0x00, 0x00, 0x28, 0x04, 0x00, 0x00, 0x00, 0x00, 0x00, 0x00, 0x0E, 0x00, 0x00, 0x00,
    0x00, 0x00, 0x00, 0x00, 0x1C, 0x04, 0x00, 0x00, 0x00, 0x00, 0x00, 0x00, 0x0E, 0x00, 0x00, 0x00,
    0x00, 0x00, 0x00, 0x00, 0x10, 0x04, 0x00, 0x00, 0x00, 0x00, 0x00, 0x00, 0x07, 0x00, 0x00, 0x00,
    0x00, 0x00, 0x00, 0x00, 0x04, 0x00, 0x00, 0x00, 0x00, 0x00, 0x00, 0x00, 0x07, 0x00, 0x00, 0x00,
    0x00, 0x00, 0x00, 0x00, 0x09, 0x00, 0x00, 0x00, 0x00, 0x00, 0x00, 0x00, 0x07, 0x00, 0x00, 0x00,
    0x00, 0x00, 0x00, 0x00, 0xC8, 0x00, 0x00, 0x00, 0x00, 0x00, 0x00, 0x00, 0x07, 0x00, 0x00, 0x00,
    0x00, 0x00, 0x00, 0x00, 0x00, 0x00, 0x00, 0x00, 0x00, 0x00, 0x00, 0x00, 0x02, 0x00, 0x00, 0x00,
    0x00, 0x00, 0x00, 0x00, 0x01, 0x00, 0x00, 0x00, 0x00, 0x00, 0x00, 0x00, 0x07, 0x00, 0x00, 0x00,
    0x00, 0x00, 0x00, 0x00, 0x06, 0x00, 0x00, 0x00, 0x00, 0x00, 0x00, 0x00, 0x07, 0x00, 0x00, 0x00,
    0x00, 0x00, 0x00, 0x00, 0x05, 0x00, 0x00, 0x00, 0x00, 0x00, 0x00, 0x00, 0x07, 0x00, 0x00, 0x00,
    0x00, 0x00, 0x00, 0x00, 0x07, 0x00, 0x00, 0x00, 0x00, 0x00, 0x00, 0x00, 0x07, 0x00, 0x00, 0x00,
    0x00, 0x00, 0x00, 0x00, 0x08, 0x00, 0x00, 0x00, 0x00, 0x00, 0x00, 0x00, 0x02, 0x00, 0x00, 0x00,
    0x00, 0x00, 0x00, 0x00, 0x00, 0x00, 0x00, 0x00, 0x00, 0x00, 0x00, 0x00, 0x07, 0x00, 0x00, 0x00,
    0x00, 0x00, 0x00, 0x00, 0x0B, 0x00, 0x00, 0x00, 0x00, 0x00, 0x00, 0x00, 0x07, 0x00, 0x00, 0x00,
    0x00, 0x00, 0x00, 0x00, 0x0C, 0x00, 0x00, 0x00, 0x00, 0x00, 0x00, 0x00, 0x07, 0x00, 0x00, 0x00,
    0x00, 0x00, 0x00, 0x00, 0x0E, 0x00, 0x00, 0x00, 0x00, 0x00, 0x00, 0x00, 0x07, 0x00, 0x00, 0x00,
    0x00, 0x00, 0x00, 0x00, 0x10, 0x00, 0x00, 0x00, 0x00, 0x00, 0x00, 0x00, 0x0E, 0x00, 0x00, 0x00,
    0x00, 0x00, 0x00, 0x00, 0x24, 0x03, 0x00, 0x00, 0x00, 0x00, 0x00, 0x00, 0x07, 0x00, 0x00, 0x00,
    0x00, 0x00, 0x00, 0x00, 0x03, 0x00, 0x00, 0x00, 0x00, 0x00, 0x00, 0x00, 0x07, 0x00, 0x00, 0x00,
    0x00, 0x00, 0x00, 0x00, 0x0A, 0x00, 0x00, 0x00, 0x00, 0x00, 0x00, 0x00, 0x07, 0x00, 0x00, 0x00,
    0x00, 0x00, 0x00, 0x00, 0x58, 0x02, 0x00, 0x00, 0x00, 0x00, 0x00, 0x00, 0x0E, 0x00, 0x00, 0x00,
    0x00, 0x00, 0x00, 0x00, 0xF4, 0x02, 0x00, 0x00, 0x00, 0x00, 0x00, 0x00, 0x0E, 0x00, 0x00, 0x00,
    0x00, 0x00, 0x00, 0x00, 0x8C, 0x03, 0x00, 0x00, 0x00, 0x00, 0x00, 0x00, 0x0E, 0x00, 0x00, 0x00,
    0x00, 0x00, 0x00, 0x00, 0x80, 0x03, 0x00, 0x00, 0x00, 0x00, 0x00, 0x00, 0x0E, 0x00, 0x00, 0x00,
    0x00, 0x00, 0x00, 0x00, 0x80, 0x03, 0x00, 0x00, 0x00, 0x00, 0x00, 0x00, 0x0E, 0x00, 0x00, 0x00,
    0x00, 0x00, 0x00, 0x00, 0x2C, 0x04, 0x00, 0x00, 0x00, 0x00, 0x00, 0x00, 0x0E, 0x00, 0x00, 0x00,
    0x00, 0x00, 0x00, 0x00, 0x50, 0x04, 0x00, 0x00, 0x00, 0x00, 0x00, 0x00, 0x0E, 0x00, 0x00, 0x00,
    0x00, 0x00, 0x00, 0x00, 0x44, 0x04, 0x00, 0x00, 0x00, 0x00, 0x00, 0x00, 0x0E, 0x00, 0x00, 0x00,
    0x00, 0x00, 0x00, 0x00, 0x3C, 0x04, 0x00, 0x00, 0x00, 0x00, 0x00, 0x00, 0x0E, 0x00, 0x00, 0x00,
    0x00, 0x00, 0x00, 0x00, 0xC0, 0x04, 0x00, 0x00, 0x00, 0x00, 0x00, 0x00, 0x07, 0x00, 0x00, 0x00,
    0x00, 0x00, 0x00, 0x00, 0x01, 0x00, 0x00, 0x00, 0x00, 0x00, 0x00, 0x00, 0x0E, 0x00, 0x00, 0x00,
    0x00, 0x00, 0x00, 0x00, 0xB4, 0x04, 0x00, 0x00, 0x00, 0x00, 0x00, 0x00, 0x0E, 0x00, 0x00, 0x00,
    0x00, 0x00, 0x00, 0x00, 0xB0, 0x04, 0x00, 0x00, 0x00, 0x00, 0x00, 0x00, 0x0E, 0x00, 0x00, 0x00,
    0x00, 0x00, 0x00, 0x00, 0xA4, 0x04, 0x00, 0x00, 0x00, 0x00, 0x00, 0x00, 0x0E, 0x00, 0x00, 0x00,
    0x00, 0x00, 0x00, 0x00, 0xA4, 0x04, 0x00, 0x00, 0x00, 0x00, 0x00, 0x00, 0x0E, 0x00, 0x00, 0x00,
    0x00, 0x00, 0x00, 0x00, 0x98, 0x04, 0x00, 0x00, 0x00, 0x00, 0x00, 0x00, 0x0E, 0x00, 0x00, 0x00,
    0x00, 0x00, 0x00, 0x00, 0x98, 0x04, 0x00, 0x00, 0x00, 0x00, 0x00, 0x00, 0x0E, 0x00, 0x00, 0x00,
    0x00, 0x00, 0x00, 0x00, 0xA0, 0x04, 0x00, 0x00, 0x00, 0x00, 0x00, 0x00, 0x0E, 0x00, 0x00, 0x00,
    0x00, 0x00, 0x00, 0x00, 0xA4, 0x04, 0x00, 0x00, 0x00, 0x00, 0x00, 0x00, 0x0E, 0x00, 0x00, 0x00,
    0x00, 0x00, 0x00, 0x00, 0x9C, 0x04, 0x00, 0x00, 0x00, 0x00, 0x00, 0x00, 0x0E, 0x00, 0x00, 0x00,
    0x00, 0x00, 0x00, 0x00, 0x90, 0x04, 0x00, 0x00, 0x00, 0x00, 0x00, 0x00, 0x0E, 0x00, 0x00, 0x00,
    0x00, 0x00, 0x00, 0x00, 0x88, 0x04, 0x00, 0x00, 0x00, 0x00, 0x00, 0x00, 0x07, 0x00, 0x00, 0x00,
    0x00, 0x00, 0x00, 0x00, 0x02, 0x00, 0x00, 0x00, 0x00, 0x00, 0x00, 0x00, 0x07, 0x00, 0x00, 0x00,
    0x00, 0x00, 0x00, 0x00, 0x00, 0x02, 0x00, 0x00, 0x00, 0x00, 0x00, 0x00, 0x0E, 0x00, 0x00, 0x00,
    0x00, 0x00, 0x00, 0x00, 0x64, 0x04, 0x00, 0x00, 0x00, 0x00, 0x00, 0x00, 0x0E, 0x00, 0x00, 0x00,
    0x00, 0x00, 0x00, 0x00, 0x5C, 0x04, 0x00, 0x00, 0x00, 0x00, 0x00, 0x00, 0x0E, 0x00, 0x00, 0x00,
    0x00, 0x00, 0x00, 0x00, 0x54, 0x04, 0x00, 0x00, 0x00, 0x00, 0x00, 0x00, 0x0E, 0x00, 0x00, 0x00,
    0x00, 0x00, 0x00, 0x00, 0x4C, 0x04, 0x00, 0x00, 0x00, 0x00, 0x00, 0x00, 0x0E, 0x00, 0x00, 0x00,
    0x00, 0x00, 0x00, 0x00, 0x44, 0x04, 0x00, 0x00, 0x00, 0x00, 0x00, 0x00, 0x0E, 0x00, 0x00, 0x00,
    0x00, 0x00, 0x00, 0x00, 0x40, 0x04, 0x00, 0x00, 0x00, 0x00, 0x00, 0x00, 0x0E, 0x00, 0x00, 0x00,
    0x00, 0x00, 0x00, 0x00, 0x34, 0x04, 0x00, 0x00, 0x00, 0x00, 0x00, 0x00, 0x0E, 0x00, 0x00, 0x00,
    0x00, 0x00, 0x00, 0x00, 0x2C, 0x04, 0x00, 0x00, 0x00, 0x00, 0x00, 0x00, 0x0E, 0x00, 0x00, 0x00,
    0x00, 0x00, 0x00, 0x00, 0x24, 0x04, 0x00, 0x00, 0x00, 0x00, 0x00, 0x00, 0x0E, 0x00, 0x00, 0x00,
    0x00, 0x00, 0x00, 0x00, 0x1C, 0x04, 0x00, 0x00, 0x00, 0x00, 0x00, 0x00, 0x0E, 0x00, 0x00, 0x00,
    0x00, 0x00, 0x00, 0x00, 0x10, 0x04, 0x00, 0x00, 0x00, 0x00, 0x00, 0x00, 0x0E, 0x00, 0x00, 0x00,
    0x00, 0x00, 0x00, 0x00, 0x08, 0x04, 0x00, 0x00, 0x00, 0x00, 0x00, 0x00, 0x0E, 0x00, 0x00, 0x00,
    0x00, 0x00, 0x00, 0x00, 0x04, 0x04, 0x00, 0x00, 0x00, 0x00, 0x00, 0x00, 0x0E, 0x00, 0x00, 0x00,
    0x00, 0x00, 0x00, 0x00, 0x00, 0x04, 0x00, 0x00, 0x00, 0x00, 0x00, 0x00, 0x0E, 0x00, 0x00, 0x00,
    0x00, 0x00, 0x00, 0x00, 0xF8, 0x03, 0x00, 0x00, 0x00, 0x00, 0x00, 0x00, 0x0E, 0x00, 0x00, 0x00,
    0x00, 0x00, 0x00, 0x00, 0xF0, 0x03, 0x00, 0x00, 0x00, 0x00, 0x00, 0x00, 0x0E, 0x00, 0x00, 0x00,
    0x00, 0x00, 0x00, 0x00, 0xE8, 0x03, 0x00, 0x00, 0x00, 0x00, 0x00, 0x00, 0x0E, 0x00, 0x00, 0x00,
    0x00, 0x00, 0x00, 0x00, 0xDC, 0x03, 0x00, 0x00, 0x00, 0x00, 0x00, 0x00, 0x07, 0x00, 0x00, 0x00,
    0x00, 0x00, 0x00, 0x00, 0xF4, 0x01, 0x00, 0x00, 0x00, 0x00, 0x00, 0x00, 0x07, 0x00, 0x00, 0x00,
    0x00, 0x00, 0x00, 0x00, 0xFF, 0x00, 0x00, 0x00, 0x00, 0x00, 0x00, 0x00, 0x07, 0x00, 0x00, 0x00,
    0x00, 0x00, 0x00, 0x00, 0x7A, 0x00, 0x00, 0x00, 0x00, 0x00, 0x00, 0x00, 0x4D, 0x65, 0x6E, 0x75,
    0x00, 0x00, 0x00, 0x00, 0xEF, 0x80, 0x95, 0x00, 0xEF, 0x83, 0x89, 0x00, 0xEF, 0x83, 0xB3, 0x00,
    0xEF, 0x80, 0x8C, 0x00, 0xEF, 0x81, 0x8B, 0x00, 0xEF, 0x80, 0x93, 0x00, 0xEF, 0x80, 0x8B, 0x00,
    0xEF, 0x81, 0xB1, 0x00, 0xEF, 0x80, 0x91, 0x00, 0x20, 0x53, 0x74, 0x61, 0x72, 0x74, 0x20, 0x74,
    0x75, 0x74, 0x6F, 0x72, 0x69, 0x61, 0x6C, 0x00, 0x54, 0x68, 0x65, 0x20, 0x48, 0x65, 0x6C, 0x67,
    0x61, 0x74, 0x63, 0x68, 0x69, 0x20, 0x69, 0x73, 0x20, 0x61, 0x20, 0x70, 0x6F, 0x63, 0x6B, 0x65,
    0x74, 0x61, 0x62, 0x6C, 0x65, 0x2C, 0x20, 0x68, 0x61, 0x6E, 0x64, 0x2D, 0x68, 0x65, 0x6C, 0x64,
    0x20, 0x42, 0x6C, 0x75, 0x65, 0x74, 0x6F, 0x6F, 0x74, 0x68, 0x20, 0x61, 0x6E, 0x64, 0x20, 0x57,
    0x69, 0x46, 0x69, 0x20, 0x66, 0x6F, 0x78, 0x68, 0x75, 0x6E, 0x74, 0x69, 0x6E, 0x67, 0x20, 0x64,
    0x65, 0x76, 0x69, 0x63, 0x65, 0x2E, 0x0A, 0x0A, 0x49, 0x74, 0x20, 0x61, 0x75, 0x74, 0x6F, 0x6D,
    0x61, 0x74, 0x69, 0x63, 0x61, 0x6C, 0x6C, 0x79, 0x20, 0x73, 0x63, 0x61, 0x6E, 0x73, 0x20, 0x66,
    0x6F, 0x72, 0x20, 0x61, 0x6E, 0x64, 0x20, 0x61, 0x6C, 0x65, 0x72, 0x74, 0x73, 0x20, 0x6F, 0x6E,
    0x20, 0x73, 0x69, 0x67, 0x6E, 0x61, 0x6C, 0x73, 0x20, 0x74, 0x68, 0x61, 0x74, 0x20, 0x79, 0x6F,
    0x75, 0x20, 0x77, 0x61, 0x6E, 0x74, 0x20, 0x74, 0x6F, 0x20, 0x62, 0x65, 0x20, 0x61, 0x77, 0x61,
    0x72, 0x65, 0x20, 0x6F, 0x66, 0x2E, 0x0A, 0x0A, 0x50, 0x72, 0x65, 0x73, 0x73, 0x20, 0x00, 0x00,
    0xEF, 0x81, 0x94, 0x00, 0x20, 0x74, 0x6F, 0x20, 0x63, 0x6F, 0x6E, 0x74, 0x69, 0x6E, 0x75, 0x65,
    0x2E, 0x00, 0x00, 0x00, 0x54, 0x68, 0x69, 0x73, 0x20, 0x64, 0x65, 0x76, 0x69, 0x63, 0x65, 0x20,
    0x69, 0x73, 0x20, 0x66, 0x6F, 0x72, 0x20, 0x61, 0x75, 0x74, 0x68, 0x6F, 0x72, 0x69, 0x7A, 0x65,
    0x64, 0x20, 0x74, 0x65, 0x73, 0x74, 0x69, 0x6E, 0x67, 0x20, 0x61, 0x6E, 0x64, 0x20, 0x65, 0x64,
    0x75, 0x63, 0x61, 0x74, 0x69, 0x6F, 0x6E, 0x61, 0x6C, 0x20, 0x70, 0x75, 0x72, 0x70, 0x6F, 0x73,
    0x65, 0x73, 0x20, 0x6F, 0x6E, 0x6C, 0x79, 0x2E, 0x0A, 0x0A, 0x55, 0x73, 0x69, 0x6E, 0x67, 0x20,
    0x6F, 0x66, 0x20, 0x61, 0x6E, 0x79, 0x20, 0x69, 0x74, 0x73, 0x20, 0x66, 0x65, 0x61, 0x74, 0x75,
    0x72, 0x65, 0x73, 0x20, 0x6F, 0x6E, 0x20, 0x75, 0x6E, 0x61, 0x75, 0x74, 0x68, 0x6F, 0x72, 0x69,
    0x7A, 0x65, 0x64, 0x20, 0x64, 0x65, 0x76, 0x69, 0x63, 0x65, 0x73, 0x20, 0x69, 0x73, 0x20, 0x73,
    0x74, 0x72, 0x69, 0x63, 0x74, 0x6C, 0x79, 0x20, 0x70, 0x72, 0x6F, 0x68, 0x69, 0x62, 0x69, 0x74,
    0x65, 0x64, 0x2E, 0x0A, 0x0A, 0x42, 0x79, 0x20, 0x63, 0x6F, 0x6E, 0x74, 0x69, 0x6E, 0x75, 0x69,
    0x6E, 0x69, 0x6E, 0x67, 0x2C, 0x20, 0x79, 0x6F, 0x75, 0x20, 0x61, 0x67, 0x72, 0x65, 0x65, 0x20,
    0x74, 0x6F, 0x20, 0x74, 0x68, 0x65, 0x73, 0x65, 0x20, 0x74, 0x65, 0x72, 0x6D, 0x73, 0x2E, 0x00,
    0x59, 0x6F, 0x75, 0x20, 0x68, 0x61, 0x76, 0x65, 0x20, 0x6F, 0x6E, 0x6C, 0x79, 0x20, 0x74, 0x68,
    0x72, 0x65, 0x65, 0x20, 0x62, 0x75, 0x74, 0x74, 0x6F, 0x6E, 0x73, 0x20, 0x6F, 0x6E, 0x20, 0x74,
    0x68, 0x65, 0x20, 0x48, 0x65, 0x6C, 0x67, 0x61, 0x74, 0x63, 0x68, 0x69, 0x2E, 0x20, 0x0A, 0x0A,
    0x00, 0x00, 0x00, 0x00, 0xEF, 0x81, 0x93, 0x00, 0x20, 0x61, 0x6E, 0x64, 0x20, 0x00, 0x00, 0x00,
    0x20, 0x61, 0x72, 0x65, 0x20, 0x6F, 0x62, 0x76, 0x69, 0x6F, 0x75, 0x73, 0x3A, 0x20, 0x75, 0x73,
    0x65, 0x20, 0x74, 0x68, 0x65, 0x6D, 0x20, 0x74, 0x6F, 0x20, 0x67, 0x6F, 0x20, 0x6C, 0x65, 0x66,
    0x74, 0x2F, 0x72, 0x69, 0x67, 0x68, 0x74, 0x20, 0x6F, 0x72, 0x20, 0x75, 0x70, 0x2F, 0x64, 0x6F,
    0x77, 0x6E, 0x2E, 0x0A, 0x0A, 0x20, 0x50, 0x72, 0x65, 0x73, 0x73, 0x20, 0x74, 0x68, 0x65, 0x20,
    0x63, 0x65, 0x6E, 0x74, 0x65, 0x72, 0x20, 0x62, 0x75, 0x74, 0x74, 0x6F, 0x6E, 0x20, 0x74, 0x6F,
    0x20, 0x69, 0x6E, 0x74, 0x65, 0x72, 0x61, 0x63, 0x74, 0x20, 0x77, 0x69, 0x74, 0x68, 0x20, 0x73,
    0x65, 0x6C, 0x65, 0x63, 0x74, 0x65, 0x64, 0x20, 0x63, 0x6F, 0x6E, 0x74, 0x65, 0x6E, 0x74, 0x2E,
    0x20, 0x50, 0x72, 0x65, 0x73, 0x73, 0x20, 0x61, 0x6E, 0x64, 0x20, 0x68, 0x6F, 0x6C, 0x64, 0x20,
    0x63, 0x65, 0x6E, 0x74, 0x65, 0x72, 0x20, 0x74, 0x6F, 0x20, 0x67, 0x6F, 0x20, 0x62, 0x61, 0x63,
    0x6B, 0x2E, 0x00, 0x00, 0x20, 0x53, 0x74, 0x61, 0x72, 0x74, 0x20, 0x53, 0x63, 0x61, 0x6E, 0x6E,
    0x69, 0x6E, 0x67, 0x21, 0x00, 0x00, 0x00, 0x00, 0x53, 0x65, 0x74, 0x74, 0x69, 0x6E, 0x67, 0x73,
    0x00, 0x00, 0x00, 0x00, 0xEF, 0x87, 0xAB, 0x00, 0x20, 0x57, 0x69, 0x46, 0x69, 0x20, 0x73, 0x63,
    0x61, 0x6E, 0x6E, 0x69, 0x6E, 0x67, 0x00, 0x00, 0xEF, 0x8A, 0x93, 0x00, 0x20, 0x42, 0x4C, 0x45,
    0x20, 0x73, 0x63, 0x61, 0x6E, 0x6E, 0x69, 0x6E, 0x67, 0x00, 0x00, 0x00, 0x20, 0x41, 0x63, 0x74,
    0x69, 0x76, 0x65, 0x20, 0x42, 0x4C, 0x45, 0x20, 0x73, 0x63, 0x61, 0x6E, 0x6E, 0x69, 0x6E, 0x67,
    0x00, 0x00, 0x00, 0x00, 0x20, 0x49, 0x67, 0x6E, 0x6F, 0x72, 0x65, 0x20, 0x75, 0x6E, 0x74, 0x72,
    0x61, 0x63, 0x6B, 0x61, 0x62, 0x6C, 0x65, 0x00, 0x20, 0x49, 0x6E, 0x66, 0x6F, 0x00, 0x00, 0x00,
    0xEF, 0x80, 0xA1, 0x00, 0x20, 0x52, 0x65, 0x73, 0x65, 0x74, 0x00, 0x00, 0x20, 0x54, 0x75, 0x74,
    0x6F, 0x72, 0x69, 0x61, 0x6C, 0x00, 0x00, 0x00, 0x49, 0x6E, 0x66, 0x6F, 0x00, 0x00, 0x00, 0x00,
    0x44, 0x45, 0x42, 0x55, 0x47, 0x00, 0x00, 0x00, 0x41, 0x6C, 0x65, 0x72, 0x74, 0x73, 0x00, 0x00,
    0x44, 0x65, 0x76, 0x69, 0x63, 0x65, 0x73, 0x00, 0x55, 0x70, 0x64, 0x61, 0x74, 0x69, 0x6E, 0x67,
    0x00, 0x00, 0x00, 0x00, 0xEF, 0x80, 0x99, 0x00, 0x44, 0x65, 0x62, 0x75, 0x67, 0x00, 0x00, 0x00,
    0x53, 0x74, 0x61, 0x74, 0x75, 0x73, 0x00, 0x00, 0x50, 0x6F, 0x77, 0x65, 0x72, 0x00, 0x00, 0x00,
    0xEF, 0xA2, 0xA2, 0x00, 0x20, 0x53, 0x6C, 0x65, 0x65, 0x70, 0x00, 0x00, 0x20, 0x52, 0x65, 0x73,
    0x74, 0x61, 0x72, 0x74, 0x00, 0x00, 0x00, 0x00, 0x20, 0x50, 0x6F, 0x77, 0x65, 0x72, 0x20, 0x6F,
    0x66, 0x66, 0x00, 0x00, 0x41, 0x64, 0x6D, 0x69, 0x6E, 0x00, 0x00, 0x00, 0x46, 0x6F, 0x78, 0x68,
    0x75, 0x6E, 0x74, 0x00, 0x52, 0x75, 0x6C, 0x65, 0x73, 0x00, 0x00, 0x00, 0x20, 0x00, 0x00, 0x00,
    0x20, 0x64, 0x42, 0x6D, 0x20, 0x00, 0x00, 0x00
};

native_var_t native_vars[] = {
    { NATIVE_VAR_TYPE_NONE, 0, 0 },
};

ActionExecFunc actions[] = {
    0
};

void ui_init() {
    eez_flow_init(assets, sizeof(assets), (lv_obj_t **)&objects, sizeof(objects), images, sizeof(images), actions);
}

void ui_tick() {
    eez_flow_tick();
    tick_screen(g_currentScreen);
}